Algo,InconsModelSize,NoOfCoreRxns,Runtime,LPS
FC,5000,50,51.0693767,3570
SPcc_SPc,5000,50,0.2694374,8
SP,5000,50,0.3345004,9
SW,5000,50,0.5563938,7
FC,5000,150,52.4111449,3574
SPcc_SPc,5000,150,0.3499578,12
SP,5000,150,0.3494463,9
SW,5000,150,0.5660741,10
FC,5000,250,53.4544638,3574
SPcc_SPc,5000,250,0.3458847,11
SP,5000,250,0.3520537,9
SW,5000,250,0.5467365,9
FC,5000,350,52.8269394,3574
SPcc_SPc,5000,350,0.3554569,11
SP,5000,350,0.340767,9
SW,5000,350,0.5460629,9
FC,5000,450,55.6371255,3578
SPcc_SPc,5000,450,0.2919324,10
SP,5000,450,0.3588369,9
SW,5000,450,0.5881018,12
FC,5000,550,54.1335048,3574
SPcc_SPc,5000,550,0.354428,11
SP,5000,550,0.3588428,9
SW,5000,550,0.5595096,10
FC,5000,650,54.5197591,3574
SPcc_SPc,5000,650,0.3474026,11
SP,5000,650,0.3571304,9
SW,5000,650,0.5779976,11
FC,5000,750,54.313884,3574
SPcc_SPc,5000,750,0.3445362,11
SP,5000,750,0.3472696,9
SW,5000,750,0.5767189,12
FC,5000,850,54.5674763,3576
SPcc_SPc,5000,850,0.3596443,13
SP,5000,850,0.3446998,9
SW,5000,850,0.559886,11
FC,5000,950,54.3256467,3574
SPcc_SPc,5000,950,0.3536186,11
SP,5000,950,0.3446843,9
SW,5000,950,0.5466862,11
FC,5000,1050,54.566302,3580
SPcc_SPc,5000,1050,0.3689888,12
SP,5000,1050,0.2976557,7
SW,5000,1050,0.5544505,10
FC,5000,1150,54.8711207,3582
SPcc_SPc,5000,1150,0.369883,12
SP,5000,1150,0.2880717,7
SW,5000,1150,0.6325074,12
FC,5000,1250,54.7470485,3574
SPcc_SPc,5000,1250,0.3539091,12
SP,5000,1250,0.347148,9
SW,5000,1250,0.5774681,12
FC,5000,1350,54.6810091,3576
SPcc_SPc,5000,1350,0.3554907,12
SP,5000,1350,0.3443774,9
SW,5000,1350,0.571937,11
FC,5000,1450,54.9027533,3586
SPcc_SPc,5000,1450,0.3284533,14
SP,5000,1450,0.3062174,7
SW,5000,1450,0.5395125,8
FC,5000,1550,54.7862898,3580
SPcc_SPc,5000,1550,0.3530412,12
SP,5000,1550,0.3568104,9
SW,5000,1550,0.5730428,12
FC,5000,1650,54.8708225,3582
SPcc_SPc,5000,1650,0.3485349,11
SP,5000,1650,0.358201,9
SW,5000,1650,0.5352139,8
FC,5000,1750,55.2119921,3588
SPcc_SPc,5000,1750,0.3604217,12
SP,5000,1750,0.3485444,9
SW,5000,1750,0.5337004,8
FC,5000,1850,55.5640214,3586
SPcc_SPc,5000,1850,0.3626249,14
SP,5000,1850,0.3513092,9
SW,5000,1850,0.5771348,13
FC,5000,1950,55.2172551,3580
SPcc_SPc,5000,1950,0.3742005,12
SP,5000,1950,0.3679592,9
SW,5000,1950,0.5457687,12
FC,5000,2050,54.9081987,3580
SPcc_SPc,5000,2050,0.3601789,12
SP,5000,2050,0.2844489,7
SW,5000,2050,0.5837862,10
FC,5000,2150,55.047286,3588
SPcc_SPc,5000,2150,0.3550784,12
SP,5000,2150,0.347041,9
SW,5000,2150,0.5810238,15
FC,5000,2250,55.2682108,3584
SPcc_SPc,5000,2250,0.3220228,13
SP,5000,2250,0.3588124,9
SW,5000,2250,0.5827339,13
FC,5000,2350,55.2719908,3590
SPcc_SPc,5000,2350,0.3697119,13
SP,5000,2350,0.358126,9
SW,5000,2350,0.5419779,10
FC,5000,2450,55.1142492,3586
SPcc_SPc,5000,2450,0.3697034,13
SP,5000,2450,0.3787855,9
SW,5000,2450,0.5698567,11
FC,5000,2550,55.3524754,3596
SPcc_SPc,5000,2550,0.3762923,16
SP,5000,2550,0.3487646,9
SW,5000,2550,0.5550516,9
FC,5000,2650,55.2667442,3588
SPcc_SPc,5000,2650,0.3762215,14
SP,5000,2650,0.3589812,9
SW,5000,2650,0.5687475,14
FC,5000,2750,55.1372765,3588
SPcc_SPc,5000,2750,0.3888982,12
SP,5000,2750,0.3626923,9
SW,5000,2750,0.5673166,10
FC,5000,2850,55.13452,3582
SPcc_SPc,5000,2850,0.2889396,10
SP,5000,2850,0.3500117,9
SW,5000,2850,0.577823,11
FC,5000,2950,55.1930385,3582
SPcc_SPc,5000,2950,0.3084442,13
SP,5000,2950,0.3437694,9
SW,5000,2950,0.5390854,10
FC,5000,3050,55.0506991,3584
SPcc_SPc,5000,3050,0.3808222,14
SP,5000,3050,0.2787868,7
SW,5000,3050,0.564368,11
FC,5000,3150,54.9921128,3582
SPcc_SPc,5000,3150,0.3796945,14
SP,5000,3150,0.3439052,9
SW,5000,3150,0.546749,12
FC,5000,3250,55.3448817,3586
SPcc_SPc,5000,3250,0.3690323,12
SP,5000,3250,0.2847364,7
SW,5000,3250,0.5448203,9
FC,5000,3350,55.2532386,3578
SPcc_SPc,5000,3350,0.3495636,12
SP,5000,3350,0.3481551,9
SW,5000,3350,0.5480162,10
FC,5000,3450,56.1090357,3584
SPcc_SPc,5000,3450,0.367792,12
SP,5000,3450,0.3519709,9
SW,5000,3450,0.5668478,11
FC,5000,3550,56.2555422,3578
SPcc_SPc,5000,3550,0.3032876,12
SP,5000,3550,0.2802825,7
SW,5000,3550,0.5344962,12
FC,5000,3650,54.9900433,3588
SPcc_SPc,5000,3650,0.3951048,18
SP,5000,3650,0.3502612,9
SW,5000,3650,0.5393836,9
FC,5000,3750,54.6064336,3576
SPcc_SPc,5000,3750,0.303957,11
SP,5000,3750,0.3502247,9
SW,5000,3750,0.5593153,10
FC,5000,3850,55.6407068,3594
SPcc_SPc,5000,3850,0.3035761,10
SP,5000,3850,0.3481241,9
SW,5000,3850,0.5267243,8
FC,5000,3950,55.3511392,3574
SPcc_SPc,5000,3950,0.376065,12
SP,5000,3950,0.3536489,9
SW,5000,3950,0.5360304,9
FC,5000,4050,55.3098023,3586
SPcc_SPc,5000,4050,0.3759339,13
SP,5000,4050,0.3458027,9
SW,5000,4050,0.5363746,9
FC,5000,4150,55.4881145,3576
SPcc_SPc,5000,4150,0.294274,9
SP,5000,4150,0.3685078,9
SW,5000,4150,0.5593059,13
FC,5000,4250,55.308722,3584
SPcc_SPc,5000,4250,0.3552237,12
SP,5000,4250,0.3476574,9
SW,5000,4250,0.5426275,11
FC,5000,4350,55.4485572,3582
SPcc_SPc,5000,4350,0.2941604,10
SP,5000,4350,0.3497388,9
SW,5000,4350,0.5508485,9
FC,5000,4450,55.3550733,3576
SPcc_SPc,5000,4450,0.3666742,12
SP,5000,4450,0.2854734,7
SW,5000,4450,0.534261,11
FC,5000,4550,55.2765466,3578
SPcc_SPc,5000,4550,0.3093917,12
SP,5000,4550,0.3508674,9
SW,5000,4550,0.5472712,9
FC,5000,4650,55.3250453,3584
SPcc_SPc,5000,4650,0.3814581,15
SP,5000,4650,0.2863332,7
SW,5000,4650,0.5149396,7
FC,5000,4750,55.4208961,3580
SPcc_SPc,5000,4750,0.3601809,12
SP,5000,4750,0.3481879,9
SW,5000,4750,0.5546449,10
FC,5000,4850,55.4816005,3576
SPcc_SPc,5000,4850,0.366148,12
SP,5000,4850,0.3527203,9
SW,5000,4850,0.5115406,6
FC,5000,4950,55.860628,3572
SPcc_SPc,5000,4950,0.4776695,11
SP,5000,4950,0.4275168,9
SW,5000,4950,0.5651453,4
FC,5500,50,58.5336926,3503
SPcc_SPc,5500,50,0.4059282,10
SP,5500,50,0.3985882,9
SW,5500,50,2.261517,15
FC,5500,150,58.1796351,3507
SPcc_SPc,5500,150,0.4043682,11
SP,5500,150,0.4025851,9
SW,5500,150,2.1546501,9
FC,5500,250,58.4782859,3507
SPcc_SPc,5500,250,0.4115393,11
SP,5500,250,0.4056962,9
SW,5500,250,2.2087644,13
FC,5500,350,58.4506372,3507
SPcc_SPc,5500,350,0.4240283,11
SP,5500,350,0.3986068,9
SW,5500,350,2.2253246,11
FC,5500,450,58.5760894,3507
SPcc_SPc,5500,450,0.4170444,12
SP,5500,450,0.4024597,9
SW,5500,450,2.1926349,11
FC,5500,550,58.3955777,3507
SPcc_SPc,5500,550,0.4252062,12
SP,5500,550,0.3966027,9
SW,5500,550,2.1630605,13
FC,5500,650,58.3250803,3507
SPcc_SPc,5500,650,0.4193159,11
SP,5500,650,0.4139995,9
SW,5500,650,2.1986358,15
FC,5500,750,58.3628095,3507
SPcc_SPc,5500,750,0.4457526,12
SP,5500,750,0.3936726,9
SW,5500,750,2.2016347,14
FC,5500,850,58.2794017,3507
SPcc_SPc,5500,850,0.4393646,12
SP,5500,850,0.4032197,9
SW,5500,850,2.1778562,13
FC,5500,950,58.6177754,3523
SPcc_SPc,5500,950,0.4214165,12
SP,5500,950,0.4056463,9
SW,5500,950,2.1339978,10
FC,5500,1050,58.4332808,3507
SPcc_SPc,5500,1050,0.4264774,12
SP,5500,1050,0.392273,9
SW,5500,1050,2.1466061,11
FC,5500,1150,58.642072,3519
SPcc_SPc,5500,1150,0.4248678,12
SP,5500,1150,0.405254,9
SW,5500,1150,2.1930826,14
FC,5500,1250,58.7365244,3507
SPcc_SPc,5500,1250,0.4184676,12
SP,5500,1250,0.4023762,9
SW,5500,1250,2.1448777,12
FC,5500,1350,58.3717746,3515
SPcc_SPc,5500,1350,0.4134996,12
SP,5500,1350,0.3919715,9
SW,5500,1350,2.1987872,15
FC,5500,1450,58.9633286,3515
SPcc_SPc,5500,1450,0.4189828,12
SP,5500,1450,0.4303164,9
SW,5500,1450,2.2987905,14
FC,5500,1550,58.6461915,3515
SPcc_SPc,5500,1550,0.4199365,12
SP,5500,1550,0.3951524,9
SW,5500,1550,2.1920425,18
FC,5500,1650,58.3615975,3517
SPcc_SPc,5500,1650,0.4131381,12
SP,5500,1650,0.4050384,9
SW,5500,1650,2.1028935,9
FC,5500,1750,58.4580674,3509
SPcc_SPc,5500,1750,0.4450883,13
SP,5500,1750,0.3889315,9
SW,5500,1750,2.1786847,12
FC,5500,1850,58.6364071,3513
SPcc_SPc,5500,1850,0.4456794,13
SP,5500,1850,0.4256859,9
SW,5500,1850,2.1157391,12
FC,5500,1950,58.4713088,3521
SPcc_SPc,5500,1950,0.4367579,12
SP,5500,1950,0.3986766,9
SW,5500,1950,2.1433105,11
FC,5500,2050,59.0955173,3509
SPcc_SPc,5500,2050,0.4210519,12
SP,5500,2050,0.3943633,9
SW,5500,2050,2.1626801,11
FC,5500,2150,58.7241675,3515
SPcc_SPc,5500,2150,0.5213396,13
SP,5500,2150,0.4552518,9
SW,5500,2150,2.1447428,12
FC,5500,2250,58.4229886,3515
SPcc_SPc,5500,2250,0.4443285,13
SP,5500,2250,0.4015722,9
SW,5500,2250,2.1328537,13
FC,5500,2350,58.8485041,3517
SPcc_SPc,5500,2350,0.440519,12
SP,5500,2350,0.4144281,9
SW,5500,2350,2.1530024,13
FC,5500,2450,58.5855763,3521
SPcc_SPc,5500,2450,0.4728649,16
SP,5500,2450,0.3966847,9
SW,5500,2450,2.0803964,9
FC,5500,2550,58.4796021,3517
SPcc_SPc,5500,2550,0.4343664,13
SP,5500,2550,0.3837945,9
SW,5500,2550,2.1462803,17
FC,5500,2650,58.604475,3523
SPcc_SPc,5500,2650,0.4516426,13
SP,5500,2650,0.3751271,9
SW,5500,2650,2.1701324,15
FC,5500,2750,58.5048856,3523
SPcc_SPc,5500,2750,0.471885,15
SP,5500,2750,0.4395762,9
SW,5500,2750,2.2434855,11
FC,5500,2850,58.2816519,3507
SPcc_SPc,5500,2850,0.4462828,12
SP,5500,2850,0.3811472,9
SW,5500,2850,2.1020115,11
FC,5500,2950,58.7409698,3507
SPcc_SPc,5500,2950,0.4241865,12
SP,5500,2950,0.3854708,9
SW,5500,2950,2.1474556,9
FC,5500,3050,58.6228277,3517
SPcc_SPc,5500,3050,0.4152386,12
SP,5500,3050,0.3819828,9
SW,5500,3050,2.1306506,10
FC,5500,3150,58.5010367,3523
SPcc_SPc,5500,3150,0.4455876,12
SP,5500,3150,0.3948945,9
SW,5500,3150,2.3026373,14
FC,5500,3250,58.2034471,3519
SPcc_SPc,5500,3250,0.4214547,12
SP,5500,3250,0.3940236,9
SW,5500,3250,2.1330435,11
FC,5500,3350,58.4563524,3519
SPcc_SPc,5500,3350,0.4528202,13
SP,5500,3350,0.3869986,9
SW,5500,3350,2.1486795,14
FC,5500,3450,58.4010267,3519
SPcc_SPc,5500,3450,0.4180456,12
SP,5500,3450,0.3959956,9
SW,5500,3450,2.1302684,11
FC,5500,3550,58.4599244,3517
SPcc_SPc,5500,3550,0.4292808,12
SP,5500,3550,0.3929114,9
SW,5500,3550,2.1214116,14
FC,5500,3650,58.4799088,3517
SPcc_SPc,5500,3650,0.4451179,13
SP,5500,3650,0.3996496,9
SW,5500,3650,2.1071832,12
FC,5500,3750,58.4927186,3517
SPcc_SPc,5500,3750,0.4328435,13
SP,5500,3750,0.3990332,9
SW,5500,3750,2.1185405,12
FC,5500,3850,58.6997157,3525
SPcc_SPc,5500,3850,0.4407646,13
SP,5500,3850,0.3901875,9
SW,5500,3850,2.1322668,12
FC,5500,3950,58.4414156,3509
SPcc_SPc,5500,3950,0.4515511,14
SP,5500,3950,0.3875083,9
SW,5500,3950,2.097866,11
FC,5500,4050,58.5692611,3519
SPcc_SPc,5500,4050,0.4245279,12
SP,5500,4050,0.4093594,9
SW,5500,4050,2.0819014,10
FC,5500,4150,58.7255268,3515
SPcc_SPc,5500,4150,0.4341666,12
SP,5500,4150,0.3870808,9
SW,5500,4150,2.1024165,13
FC,5500,4250,58.4276763,3517
SPcc_SPc,5500,4250,0.4731477,14
SP,5500,4250,0.3963109,9
SW,5500,4250,2.0961781,10
FC,5500,4350,59.1276032,3515
SPcc_SPc,5500,4350,0.4760644,16
SP,5500,4350,0.3881739,9
SW,5500,4350,2.1055279,10
FC,5500,4450,58.3623746,3519
SPcc_SPc,5500,4450,0.4390529,12
SP,5500,4450,0.4001498,9
SW,5500,4450,2.100144,8
FC,5500,4550,58.3010298,3509
SPcc_SPc,5500,4550,0.4584332,14
SP,5500,4550,0.384501,9
SW,5500,4550,2.1235275,9
FC,5500,4650,61.9371829,3521
SPcc_SPc,5500,4650,0.476586,14
SP,5500,4650,0.4071362,9
SW,5500,4650,2.6174285,15
FC,5500,4750,58.7615724,3509
SPcc_SPc,5500,4750,0.4276017,12
SP,5500,4750,0.3778178,9
SW,5500,4750,2.101335,11
FC,5500,4850,58.3863793,3517
SPcc_SPc,5500,4850,0.443691,13
SP,5500,4850,0.3940746,9
SW,5500,4850,2.1474915,11
FC,5500,4950,58.2725986,3515
SPcc_SPc,5500,4950,0.4304595,12
SP,5500,4950,0.3851765,9
SW,5500,4950,2.0943384,11
FC,6000,50,71.1795718,3822
SPcc_SPc,6000,50,0.4556678,11
SP,6000,50,0.4631798,9
SW,6000,50,2.9730096,11
FC,6000,150,71.4202654,3822
SPcc_SPc,6000,150,0.4877952,11
SP,6000,150,0.466287,9
SW,6000,150,3.3599621,11
FC,6000,250,73.4079781,3822
SPcc_SPc,6000,250,0.4922665,11
SP,6000,250,0.473595,9
SW,6000,250,3.0794105,12
FC,6000,350,77.5967554,3822
SPcc_SPc,6000,350,0.5062856,11
SP,6000,350,0.4846744,9
SW,6000,350,3.2126746,11
FC,6000,450,75.3285754,3824
SPcc_SPc,6000,450,0.4752777,11
SP,6000,450,0.4829952,9
SW,6000,450,3.0947518,10
FC,6000,550,72.5829409,3828
SPcc_SPc,6000,550,0.4988569,12
SP,6000,550,0.4837696,9
SW,6000,550,3.0913929,13
FC,6000,650,73.2111558,3822
SPcc_SPc,6000,650,0.4838253,11
SP,6000,650,0.46698,9
SW,6000,650,3.0484777,9
FC,6000,750,72.8831274,3822
SPcc_SPc,6000,750,0.4766835,11
SP,6000,750,0.4632854,9
SW,6000,750,3.0486223,11
FC,6000,850,72.4858065,3828
SPcc_SPc,6000,850,0.5346478,12
SP,6000,850,0.4802938,9
SW,6000,850,3.0839722,12
FC,6000,950,72.9997952,3826
SPcc_SPc,6000,950,0.5702862,17
SP,6000,950,0.4696416,9
SW,6000,950,3.1537389,11
FC,6000,1050,73.6791662,3842
SPcc_SPc,6000,1050,0.4914517,12
SP,6000,1050,0.4520918,9
SW,6000,1050,3.0908331,14
FC,6000,1150,72.9852059,3830
SPcc_SPc,6000,1150,0.4844131,12
SP,6000,1150,0.468746,9
SW,6000,1150,3.0800661,12
FC,6000,1250,72.665788,3830
SPcc_SPc,6000,1250,0.4986572,12
SP,6000,1250,0.4730296,9
SW,6000,1250,3.0960114,13
FC,6000,1350,72.789231,3822
SPcc_SPc,6000,1350,0.4772358,12
SP,6000,1350,0.4829867,9
SW,6000,1350,3.0925886,13
FC,6000,1450,72.8429496,3832
SPcc_SPc,6000,1450,0.4755921,12
SP,6000,1450,0.4609764,9
SW,6000,1450,3.0751226,11
FC,6000,1550,72.5515989,3822
SPcc_SPc,6000,1550,0.5172888,15
SP,6000,1550,0.4707333,9
SW,6000,1550,3.0605099,13
FC,6000,1650,72.4941468,3836
SPcc_SPc,6000,1650,0.5038645,12
SP,6000,1650,0.4592094,9
SW,6000,1650,3.079951,10
FC,6000,1750,73.2753124,3826
SPcc_SPc,6000,1750,0.498903,12
SP,6000,1750,0.4658919,9
SW,6000,1750,3.0178822,11
FC,6000,1850,73.0544156,3834
SPcc_SPc,6000,1850,0.4917924,13
SP,6000,1850,0.4549313,9
SW,6000,1850,3.1133311,15
FC,6000,1950,72.8321883,3822
SPcc_SPc,6000,1950,0.5229234,13
SP,6000,1950,0.4553348,9
SW,6000,1950,3.0701765,14
FC,6000,2050,73.408905,3826
SPcc_SPc,6000,2050,0.5082927,13
SP,6000,2050,0.4459295,9
SW,6000,2050,3.1096735,12
FC,6000,2150,73.8809311,3832
SPcc_SPc,6000,2150,0.5089561,12
SP,6000,2150,0.4589263,9
SW,6000,2150,3.0340611,11
FC,6000,2250,72.8823479,3836
SPcc_SPc,6000,2250,0.5842956,17
SP,6000,2250,0.4685527,9
SW,6000,2250,3.2284561,13
FC,6000,2350,73.0640651,3830
SPcc_SPc,6000,2350,0.4898941,12
SP,6000,2350,0.4805932,9
SW,6000,2350,3.410315,11
FC,6000,2450,73.1206517,3838
SPcc_SPc,6000,2450,0.5201111,12
SP,6000,2450,0.4362391,9
SW,6000,2450,3.0897442,10
FC,6000,2550,73.1168941,3824
SPcc_SPc,6000,2550,0.5243803,14
SP,6000,2550,0.4606054,9
SW,6000,2550,3.022741,9
FC,6000,2650,72.9940553,3834
SPcc_SPc,6000,2650,0.5308182,14
SP,6000,2650,0.4580702,9
SW,6000,2650,3.0902439,10
FC,6000,2750,72.8495734,3822
SPcc_SPc,6000,2750,0.5435637,12
SP,6000,2750,0.451771,9
SW,6000,2750,3.0991311,11
FC,6000,2850,72.4824586,3834
SPcc_SPc,6000,2850,0.4987526,12
SP,6000,2850,0.4541657,9
SW,6000,2850,3.2252521,11
FC,6000,2950,72.9444329,3832
SPcc_SPc,6000,2950,0.5105897,13
SP,6000,2950,0.4383985,9
SW,6000,2950,3.0646639,12
FC,6000,3050,73.3221082,3832
SPcc_SPc,6000,3050,0.5566515,16
SP,6000,3050,0.4483775,9
SW,6000,3050,3.0832445,12
FC,6000,3150,72.9521805,3838
SPcc_SPc,6000,3150,0.5112587,13
SP,6000,3150,0.4452518,9
SW,6000,3150,3.0857911,11
FC,6000,3250,73.322838,3832
SPcc_SPc,6000,3250,0.5392428,13
SP,6000,3250,0.4874481,9
SW,6000,3250,3.0802536,14
FC,6000,3350,73.1728296,3836
SPcc_SPc,6000,3350,0.5041561,12
SP,6000,3350,0.4457742,9
SW,6000,3350,3.1229226,14
FC,6000,3450,73.1510873,3840
SPcc_SPc,6000,3450,0.5146353,12
SP,6000,3450,0.4505505,9
SW,6000,3450,3.0362966,13
FC,6000,3550,72.8721463,3834
SPcc_SPc,6000,3550,0.4909276,12
SP,6000,3550,0.4415786,9
SW,6000,3550,3.074377,11
FC,6000,3650,73.2302494,3830
SPcc_SPc,6000,3650,0.5050817,12
SP,6000,3650,0.4559041,9
SW,6000,3650,3.0291059,10
FC,6000,3750,73.1588124,3832
SPcc_SPc,6000,3750,0.5123693,13
SP,6000,3750,0.4391576,9
SW,6000,3750,3.0622639,13
FC,6000,3850,73.0568643,3840
SPcc_SPc,6000,3850,0.5101704,12
SP,6000,3850,0.4416989,9
SW,6000,3850,3.031558,11
FC,6000,3950,72.9417567,3840
SPcc_SPc,6000,3950,0.4881761,12
SP,6000,3950,0.4472526,9
SW,6000,3950,3.1144708,15
FC,6000,4050,72.614542,3828
SPcc_SPc,6000,4050,0.5074084,13
SP,6000,4050,0.4551564,9
SW,6000,4050,3.0442388,10
FC,6000,4150,74.2139383,3834
SPcc_SPc,6000,4150,0.5392501,14
SP,6000,4150,0.4484412,9
SW,6000,4150,3.1943129,11
FC,6000,4250,73.4157711,3830
SPcc_SPc,6000,4250,0.4941172,12
SP,6000,4250,0.4570439,9
SW,6000,4250,3.0844616,13
FC,6000,4350,73.5070916,3832
SPcc_SPc,6000,4350,0.5246739,15
SP,6000,4350,0.4382784,9
SW,6000,4350,3.018181,9
FC,6000,4450,73.4526357,3838
SPcc_SPc,6000,4450,0.5080825,13
SP,6000,4450,0.4640193,9
SW,6000,4450,3.2284647,10
FC,6000,4550,72.9820675,3828
SPcc_SPc,6000,4550,0.501418,12
SP,6000,4550,0.4597813,9
SW,6000,4550,3.0665478,11
FC,6000,4650,73.4349888,3834
SPcc_SPc,6000,4650,0.5681224,17
SP,6000,4650,0.4524768,9
SW,6000,4650,2.9888539,9
FC,6000,4750,73.0288615,3822
SPcc_SPc,6000,4750,0.5066033,12
SP,6000,4750,0.4397975,9
SW,6000,4750,3.0622177,12
FC,6000,4850,73.3735888,3824
SPcc_SPc,6000,4850,0.4971083,12
SP,6000,4850,0.4561806,9
SW,6000,4850,3.0932088,13
FC,6000,4950,72.7827089,3830
SPcc_SPc,6000,4950,0.491432,12
SP,6000,4950,0.4645032,9
SW,6000,4950,3.00506,11
FC,6500,50,73.5935227,3580
SPcc_SPc,6500,50,0.5229616,10
SP,6500,50,0.518269,9
SW,6500,50,6.8265373,9
FC,6500,150,73.2103484,3584
SPcc_SPc,6500,150,0.5298721,11
SP,6500,150,0.5443226,9
SW,6500,150,6.9066396,13
FC,6500,250,73.9683574,3584
SPcc_SPc,6500,250,0.5772832,11
SP,6500,250,0.5494888,9
SW,6500,250,6.9496949,14
FC,6500,350,73.7303854,3584
SPcc_SPc,6500,350,0.5740057,11
SP,6500,350,0.533591,9
SW,6500,350,6.8558904,9
FC,6500,450,74.2797056,3584
SPcc_SPc,6500,450,0.5907332,12
SP,6500,450,0.4886832,7
SW,6500,450,7.0612068,15
FC,6500,550,73.458208,3584
SPcc_SPc,6500,550,0.5655059,11
SP,6500,550,0.5374662,9
SW,6500,550,7.0523549,11
FC,6500,650,73.8406636,3584
SPcc_SPc,6500,650,0.5535564,11
SP,6500,650,0.5552965,9
SW,6500,650,6.8571976,10
FC,6500,750,73.5879497,3584
SPcc_SPc,6500,750,0.5858858,12
SP,6500,750,0.5224317,9
SW,6500,750,6.8426506,12
FC,6500,850,73.5389109,3590
SPcc_SPc,6500,850,0.5551381,11
SP,6500,850,0.5228202,9
SW,6500,850,6.83144,12
FC,6500,950,73.7901984,3588
SPcc_SPc,6500,950,0.5753649,12
SP,6500,950,0.5321688,9
SW,6500,950,7.1806503,11
FC,6500,1050,73.802419,3594
SPcc_SPc,6500,1050,0.6516358,15
SP,6500,1050,0.5392307,9
SW,6500,1050,6.8765854,11
FC,6500,1150,73.9219192,3590
SPcc_SPc,6500,1150,0.5633087,12
SP,6500,1150,0.5365002,9
SW,6500,1150,6.8330999,12
FC,6500,1250,73.3817409,3596
SPcc_SPc,6500,1250,0.6030993,14
SP,6500,1250,0.5282061,9
SW,6500,1250,6.8506725,11
FC,6500,1350,73.4854074,3592
SPcc_SPc,6500,1350,0.568148,12
SP,6500,1350,0.5597704,9
SW,6500,1350,6.8594915,12
FC,6500,1450,73.7051033,3592
SPcc_SPc,6500,1450,0.6262833,14
SP,6500,1450,0.5294584,9
SW,6500,1450,6.825991,12
FC,6500,1550,73.5916921,3590
SPcc_SPc,6500,1550,0.5610407,12
SP,6500,1550,0.5229285,9
SW,6500,1550,6.8393543,11
FC,6500,1650,73.3762984,3596
SPcc_SPc,6500,1650,0.5313576,12
SP,6500,1650,0.5554717,9
SW,6500,1650,6.9185165,12
FC,6500,1750,73.3220113,3586
SPcc_SPc,6500,1750,0.6075456,13
SP,6500,1750,0.5312376,9
SW,6500,1750,7.2134306,9
FC,6500,1850,74.885432,3594
SPcc_SPc,6500,1850,0.6111119,13
SP,6500,1850,0.5465088,9
SW,6500,1850,6.8218499,14
FC,6500,1950,74.293285,3592
SPcc_SPc,6500,1950,0.5639207,12
SP,6500,1950,0.5441383,9
SW,6500,1950,6.8459804,12
FC,6500,2050,74.2173872,3598
SPcc_SPc,6500,2050,0.5671927,13
SP,6500,2050,0.4428522,7
SW,6500,2050,7.0029508,13
FC,6500,2150,74.190879,3596
SPcc_SPc,6500,2150,0.567048,12
SP,6500,2150,0.5365049,9
SW,6500,2150,6.8662141,10
FC,6500,2250,73.9863269,3598
SPcc_SPc,6500,2250,0.6927799,19
SP,6500,2250,0.5244787,9
SW,6500,2250,6.8354865,11
FC,6500,2350,73.941191,3586
SPcc_SPc,6500,2350,0.6351417,16
SP,6500,2350,0.4348252,7
SW,6500,2350,6.7576072,10
FC,6500,2450,74.0103685,3592
SPcc_SPc,6500,2450,0.5033488,10
SP,6500,2450,0.5396161,9
SW,6500,2450,7.2106092,16
FC,6500,2550,74.0180655,3602
SPcc_SPc,6500,2550,0.5861672,12
SP,6500,2550,0.4356398,7
SW,6500,2550,6.8732792,16
FC,6500,2650,73.6008403,3590
SPcc_SPc,6500,2650,0.5594225,12
SP,6500,2650,0.4987255,9
SW,6500,2650,6.9266683,13
FC,6500,2750,74.0169091,3598
SPcc_SPc,6500,2750,0.4892752,10
SP,6500,2750,0.5350911,9
SW,6500,2750,6.7849782,13
FC,6500,2850,74.1908395,3600
SPcc_SPc,6500,2850,0.5943762,12
SP,6500,2850,0.5212801,9
SW,6500,2850,6.9188489,12
FC,6500,2950,73.4274084,3594
SPcc_SPc,6500,2950,0.5719895,12
SP,6500,2950,0.5204448,9
SW,6500,2950,6.8691878,13
FC,6500,3050,73.6277645,3586
SPcc_SPc,6500,3050,0.5921601,12
SP,6500,3050,0.5330084,9
SW,6500,3050,6.800911,13
FC,6500,3150,73.8104574,3604
SPcc_SPc,6500,3150,0.5840363,13
SP,6500,3150,0.5273317,9
SW,6500,3150,6.99439,13
FC,6500,3250,74.2195578,3598
SPcc_SPc,6500,3250,0.6423564,16
SP,6500,3250,0.5427004,9
SW,6500,3250,6.7479834,11
FC,6500,3350,73.952095,3598
SPcc_SPc,6500,3350,0.6128844,14
SP,6500,3350,0.5205691,9
SW,6500,3350,6.7869064,11
FC,6500,3450,74.234837,3598
SPcc_SPc,6500,3450,0.5957751,12
SP,6500,3450,0.5310417,9
SW,6500,3450,6.8369528,14
FC,6500,3550,74.0071707,3584
SPcc_SPc,6500,3550,0.6618291,16
SP,6500,3550,0.5057672,9
SW,6500,3550,6.846434,11
FC,6500,3650,73.9684762,3598
SPcc_SPc,6500,3650,0.5584203,12
SP,6500,3650,0.5298011,9
SW,6500,3650,6.8194693,12
FC,6500,3750,73.9198379,3610
SPcc_SPc,6500,3750,0.6251706,15
SP,6500,3750,0.5390293,9
SW,6500,3750,6.806743,12
FC,6500,3850,73.699078,3594
SPcc_SPc,6500,3850,0.6184643,13
SP,6500,3850,0.5146601,9
SW,6500,3850,6.8328488,13
FC,6500,3950,74.4024454,3594
SPcc_SPc,6500,3950,0.5656171,12
SP,6500,3950,0.5566374,9
SW,6500,3950,6.9778582,14
FC,6500,4050,73.9382027,3596
SPcc_SPc,6500,4050,0.5889048,12
SP,6500,4050,0.5247077,9
SW,6500,4050,6.7648794,11
FC,6500,4150,73.1714985,3606
SPcc_SPc,6500,4150,0.585475,12
SP,6500,4150,0.5067251,9
SW,6500,4150,6.7337219,10
FC,6500,4250,74.3828295,3600
SPcc_SPc,6500,4250,0.5960631,12
SP,6500,4250,0.5501079,9
SW,6500,4250,6.9356701,11
FC,6500,4350,73.9145876,3612
SPcc_SPc,6500,4350,0.6205745,14
SP,6500,4350,0.4347263,7
SW,6500,4350,6.7840894,10
FC,6500,4450,73.6513095,3596
SPcc_SPc,6500,4450,0.5603101,12
SP,6500,4450,0.4292443,7
SW,6500,4450,6.7352723,12
FC,6500,4550,74.0704087,3612
SPcc_SPc,6500,4550,0.6201519,14
SP,6500,4550,0.4987444,9
SW,6500,4550,6.7953253,10
FC,6500,4650,73.6016381,3584
SPcc_SPc,6500,4650,0.6106046,12
SP,6500,4650,0.5240473,9
SW,6500,4650,6.7841244,11
FC,6500,4750,74.1073717,3602
SPcc_SPc,6500,4750,0.6417668,16
SP,6500,4750,0.5109528,9
SW,6500,4750,6.7834121,16
FC,6500,4850,73.86135,3602
SPcc_SPc,6500,4850,0.5884324,12
SP,6500,4850,0.5198314,9
SW,6500,4850,6.8187562,12
FC,6500,4950,74.508261,3600
SPcc_SPc,6500,4950,0.5304475,12
SP,6500,4950,0.519368,9
SW,6500,4950,6.9534169,11
FC,7000,50,75.7956356,3483
SPcc_SPc,7000,50,0.7147196,11
SP,7000,50,0.7062258,9
SW,7000,50,12.1975126,10
FC,7000,150,75.3631086,3483
SPcc_SPc,7000,150,0.7402507,11
SP,7000,150,0.6841059,9
SW,7000,150,12.2218877,10
FC,7000,250,75.7874573,3489
SPcc_SPc,7000,250,0.7880476,11
SP,7000,250,0.7276527,9
SW,7000,250,12.1179451,10
FC,7000,350,76.1924807,3483
SPcc_SPc,7000,350,0.7814619,11
SP,7000,350,0.7335124,9
SW,7000,350,12.2435796,11
FC,7000,450,76.1552634,3483
SPcc_SPc,7000,450,0.7436228,11
SP,7000,450,0.7423787,9
SW,7000,450,12.3567875,14
FC,7000,550,75.5567015,3483
SPcc_SPc,7000,550,0.7198271,12
SP,7000,550,0.7248879,9
SW,7000,550,12.2927475,11
FC,7000,650,75.9796057,3499
SPcc_SPc,7000,650,0.7506595,12
SP,7000,650,0.7157764,9
SW,7000,650,12.4062374,13
FC,7000,750,76.0300077,3487
SPcc_SPc,7000,750,0.7645406,12
SP,7000,750,0.6904822,9
SW,7000,750,12.1226429,11
FC,7000,850,75.9784469,3495
SPcc_SPc,7000,850,0.7266267,11
SP,7000,850,0.6941697,9
SW,7000,850,12.3056315,11
FC,7000,950,76.5163756,3493
SPcc_SPc,7000,950,0.7637737,12
SP,7000,950,0.7391408,9
SW,7000,950,12.422163,12
FC,7000,1050,76.4822586,3497
SPcc_SPc,7000,1050,0.7595867,12
SP,7000,1050,0.7117421,9
SW,7000,1050,12.1174601,12
FC,7000,1150,75.616908,3489
SPcc_SPc,7000,1150,0.7108741,11
SP,7000,1150,0.6838605,9
SW,7000,1150,12.0349134,12
FC,7000,1250,76.2361842,3489
SPcc_SPc,7000,1250,0.8126682,12
SP,7000,1250,0.6800372,9
SW,7000,1250,12.1601137,13
FC,7000,1350,76.0965521,3487
SPcc_SPc,7000,1350,0.7657624,12
SP,7000,1350,0.6668731,9
SW,7000,1350,12.1493292,12
FC,7000,1450,75.9585327,3485
SPcc_SPc,7000,1450,0.8044208,13
SP,7000,1450,0.7230844,9
SW,7000,1450,12.280624,10
FC,7000,1550,75.8386558,3501
SPcc_SPc,7000,1550,0.7751263,12
SP,7000,1550,0.7064557,9
SW,7000,1550,12.2450645,15
FC,7000,1650,76.0260152,3493
SPcc_SPc,7000,1650,0.7283898,11
SP,7000,1650,0.6795161,9
SW,7000,1650,12.2604438,13
FC,7000,1750,76.9614722,3497
SPcc_SPc,7000,1750,0.8060581,14
SP,7000,1750,0.7141142,9
SW,7000,1750,12.139972,14
FC,7000,1850,76.1256991,3497
SPcc_SPc,7000,1850,0.8644626,16
SP,7000,1850,0.7116104,9
SW,7000,1850,12.2781948,14
FC,7000,1950,76.1352445,3503
SPcc_SPc,7000,1950,0.7821843,12
SP,7000,1950,0.6763611,9
SW,7000,1950,12.1324714,12
FC,7000,2050,75.8854752,3497
SPcc_SPc,7000,2050,0.749238,12
SP,7000,2050,0.6905971,9
SW,7000,2050,12.0767363,12
FC,7000,2150,76.0655558,3501
SPcc_SPc,7000,2150,0.7676024,13
SP,7000,2150,0.6665686,9
SW,7000,2150,12.1370735,11
FC,7000,2250,76.1988238,3495
SPcc_SPc,7000,2250,0.8306359,15
SP,7000,2250,0.6640501,9
SW,7000,2250,12.8624687,12
FC,7000,2350,76.2851298,3495
SPcc_SPc,7000,2350,0.812457,13
SP,7000,2350,0.7026931,9
SW,7000,2350,12.0592838,11
FC,7000,2450,75.8639993,3505
SPcc_SPc,7000,2450,0.8370541,16
SP,7000,2450,0.6743525,9
SW,7000,2450,12.0178349,12
FC,7000,2550,76.2105216,3509
SPcc_SPc,7000,2550,0.80161,14
SP,7000,2550,0.6634833,9
SW,7000,2550,12.0279584,12
FC,7000,2650,76.0458318,3503
SPcc_SPc,7000,2650,0.7479447,12
SP,7000,2650,0.7145708,9
SW,7000,2650,12.2254023,12
FC,7000,2750,76.5508712,3501
SPcc_SPc,7000,2750,0.7637718,13
SP,7000,2750,0.6813052,9
SW,7000,2750,12.1347035,13
FC,7000,2850,76.0058276,3489
SPcc_SPc,7000,2850,0.7578032,12
SP,7000,2850,0.6702427,9
SW,7000,2850,12.119195,11
FC,7000,2950,75.4743214,3495
SPcc_SPc,7000,2950,0.7710728,13
SP,7000,2950,0.6803523,9
SW,7000,2950,12.1049873,12
FC,7000,3050,76.0315283,3501
SPcc_SPc,7000,3050,0.7727828,13
SP,7000,3050,0.6494044,9
SW,7000,3050,12.7073353,14
FC,7000,3150,76.04571,3503
SPcc_SPc,7000,3150,0.8918633,17
SP,7000,3150,0.6737069,9
SW,7000,3150,12.0568791,13
FC,7000,3250,76.2720255,3505
SPcc_SPc,7000,3250,0.8209807,13
SP,7000,3250,0.6670918,9
SW,7000,3250,12.108852,14
FC,7000,3350,76.4038127,3499
SPcc_SPc,7000,3350,0.8074036,15
SP,7000,3350,0.6384502,9
SW,7000,3350,12.1674024,11
FC,7000,3450,75.5164079,3495
SPcc_SPc,7000,3450,0.737093,12
SP,7000,3450,0.6856952,9
SW,7000,3450,12.0974684,15
FC,7000,3550,75.405551,3497
SPcc_SPc,7000,3550,0.9285805,17
SP,7000,3550,0.6476561,9
SW,7000,3550,11.980693,11
FC,7000,3650,75.649473,3499
SPcc_SPc,7000,3650,0.7610405,12
SP,7000,3650,0.6862866,9
SW,7000,3650,12.287123,13
FC,7000,3750,77.0655066,3495
SPcc_SPc,7000,3750,0.8502291,15
SP,7000,3750,0.6668019,9
SW,7000,3750,12.1629122,12
FC,7000,3850,76.2232907,3501
SPcc_SPc,7000,3850,0.8575547,15
SP,7000,3850,0.6519954,9
SW,7000,3850,12.2592859,11
FC,7000,3950,76.5502974,3499
SPcc_SPc,7000,3950,0.8325895,15
SP,7000,3950,0.6834113,9
SW,7000,3950,12.1448273,12
FC,7000,4050,76.3621531,3503
SPcc_SPc,7000,4050,0.8014958,14
SP,7000,4050,0.6868116,9
SW,7000,4050,12.1204429,10
FC,7000,4150,75.6662953,3499
SPcc_SPc,7000,4150,0.8011265,12
SP,7000,4150,0.6551803,9
SW,7000,4150,12.1035583,10
FC,7000,4250,76.3416731,3495
SPcc_SPc,7000,4250,0.7882333,12
SP,7000,4250,0.7100678,9
SW,7000,4250,12.1686711,13
FC,7000,4350,75.7955676,3491
SPcc_SPc,7000,4350,0.833483,15
SP,7000,4350,0.6591155,9
SW,7000,4350,11.9879253,13
FC,7000,4450,75.5065194,3497
SPcc_SPc,7000,4450,0.7975101,13
SP,7000,4450,0.6628149,9
SW,7000,4450,11.9607862,10
FC,7000,4550,75.6770754,3497
SPcc_SPc,7000,4550,0.8215582,14
SP,7000,4550,0.6786874,9
SW,7000,4550,12.0968206,16
FC,7000,4650,75.8076303,3499
SPcc_SPc,7000,4650,0.79908,14
SP,7000,4650,0.6580867,9
SW,7000,4650,12.1776507,13
FC,7000,4750,76.4719261,3501
SPcc_SPc,7000,4750,0.8253269,14
SP,7000,4750,0.6775191,9
SW,7000,4750,12.6479477,15
FC,7000,4850,76.174188,3501
SPcc_SPc,7000,4850,0.8211184,14
SP,7000,4850,0.6923575,9
SW,7000,4850,12.0679527,11
FC,7000,4950,76.1784156,3485
SPcc_SPc,7000,4950,0.7590449,12
SP,7000,4950,0.6559792,9
SW,7000,4950,12.1270275,12
FC,7500,50,96.3224508,3678
SPcc_SPc,7500,50,0.9651387,11
SP,7500,50,0.9768414,9
SW,7500,50,15.8337987,9
FC,7500,150,96.2622632,3678
SPcc_SPc,7500,150,0.8004933,9
SP,7500,150,0.8034589,7
SW,7500,150,15.7228256,13
FC,7500,250,95.9912947,3678
SPcc_SPc,7500,250,0.990502,11
SP,7500,250,0.9785733,9
SW,7500,250,15.9325792,9
FC,7500,350,96.5167208,3678
SPcc_SPc,7500,350,0.8291717,9
SP,7500,350,0.7982488,7
SW,7500,350,15.6222875,12
FC,7500,450,95.8183678,3678
SPcc_SPc,7500,450,0.8190432,9
SP,7500,450,0.9499907,9
SW,7500,450,15.6807716,12
FC,7500,550,96.1203262,3678
SPcc_SPc,7500,550,0.9606818,11
SP,7500,550,0.9080287,9
SW,7500,550,16.063827,12
FC,7500,650,95.7601444,3678
SPcc_SPc,7500,650,0.7915873,9
SP,7500,650,0.9423539,9
SW,7500,650,15.6363501,11
FC,7500,750,95.8750187,3686
SPcc_SPc,7500,750,1.0196414,13
SP,7500,750,0.9679896,9
SW,7500,750,15.6475187,13
FC,7500,850,96.7423195,3688
SPcc_SPc,7500,850,0.8458728,9
SP,7500,850,0.9407919,9
SW,7500,850,15.4623878,11
FC,7500,950,96.2221958,3690
SPcc_SPc,7500,950,0.8573247,10
SP,7500,950,0.9215527,9
SW,7500,950,15.6088766,14
FC,7500,1050,95.8514172,3680
SPcc_SPc,7500,1050,0.9678031,11
SP,7500,1050,0.9543372,9
SW,7500,1050,16.0535306,11
FC,7500,1150,98.8189693,3680
SPcc_SPc,7500,1150,0.9990055,12
SP,7500,1150,0.859176,7
SW,7500,1150,16.914947,19
FC,7500,1250,101.86773,3678
SPcc_SPc,7500,1250,1.151017,15
SP,7500,1250,1.0354992,9
SW,7500,1250,19.483681,13
FC,7500,1350,116.1078739,3688
SPcc_SPc,7500,1350,0.9931481,12
SP,7500,1350,0.9053895,9
SW,7500,1350,15.7891305,14
FC,7500,1450,96.3218724,3692
SPcc_SPc,7500,1450,0.9918498,12
SP,7500,1450,0.993173,9
SW,7500,1450,15.7177771,12
FC,7500,1550,96.7969985,3686
SPcc_SPc,7500,1550,1.0520601,14
SP,7500,1550,0.8975044,9
SW,7500,1550,15.7024912,14
FC,7500,1650,100.8574903,3692
SPcc_SPc,7500,1650,1.103414,12
SP,7500,1650,0.8171685,7
SW,7500,1650,16.6774439,11
FC,7500,1750,104.2971555,3688
SPcc_SPc,7500,1750,1.0525675,12
SP,7500,1750,1.0478419,9
SW,7500,1750,16.7667046,12
FC,7500,1850,104.4071171,3688
SPcc_SPc,7500,1850,1.1022611,15
SP,7500,1850,1.0383668,9
SW,7500,1850,17.6029703,14
FC,7500,1950,102.8654761,3692
SPcc_SPc,7500,1950,0.8901127,10
SP,7500,1950,0.7943741,7
SW,7500,1950,17.2024973,10
FC,7500,2050,104.2437665,3684
SPcc_SPc,7500,2050,1.0594287,13
SP,7500,2050,1.0145664,9
SW,7500,2050,19.7626107,19
FC,7500,2150,106.251064,3680
SPcc_SPc,7500,2150,1.1104786,14
SP,7500,2150,1.0644496,9
SW,7500,2150,18.2549845,15
FC,7500,2250,112.6899033,3692
SPcc_SPc,7500,2250,1.1386333,12
SP,7500,2250,0.9476262,7
SW,7500,2250,18.0817369,12
FC,7500,2350,102.1195177,3686
SPcc_SPc,7500,2350,1.515882,12
SP,7500,2350,1.7038848,9
SW,7500,2350,22.2901088,12
FC,7500,2450,102.7522849,3688
SPcc_SPc,7500,2450,0.9866832,12
SP,7500,2450,0.9268241,9
SW,7500,2450,15.5908169,12
FC,7500,2550,96.9565132,3684
SPcc_SPc,7500,2550,0.9300957,12
SP,7500,2550,0.9250357,9
SW,7500,2550,15.5490678,15
FC,7500,2650,95.9683532,3692
SPcc_SPc,7500,2650,1.052233,15
SP,7500,2650,0.7515234,7
SW,7500,2650,15.6513117,13
FC,7500,2750,96.251123,3686
SPcc_SPc,7500,2750,0.8698419,12
SP,7500,2750,0.9113465,9
SW,7500,2750,15.6222057,13
FC,7500,2850,97.2226556,3704
SPcc_SPc,7500,2850,0.868678,11
SP,7500,2850,0.868818,9
SW,7500,2850,15.5484113,11
FC,7500,2950,96.5600121,3696
SPcc_SPc,7500,2950,0.9375202,12
SP,7500,2950,0.8940762,9
SW,7500,2950,15.455583,14
FC,7500,3050,96.2419549,3680
SPcc_SPc,7500,3050,1.0182768,13
SP,7500,3050,0.7212303,7
SW,7500,3050,15.7379793,13
FC,7500,3150,96.2295064,3684
SPcc_SPc,7500,3150,1.0410183,14
SP,7500,3150,0.8479763,9
SW,7500,3150,15.5270644,12
FC,7500,3250,96.6054018,3710
SPcc_SPc,7500,3250,1.0329026,13
SP,7500,3250,0.7338874,7
SW,7500,3250,15.7078125,12
FC,7500,3350,97.1455909,3686
SPcc_SPc,7500,3350,0.994848,14
SP,7500,3350,0.7487762,7
SW,7500,3350,15.6963202,13
FC,7500,3450,96.4045526,3704
SPcc_SPc,7500,3450,0.8994779,13
SP,7500,3450,0.8702873,9
SW,7500,3450,15.8480975,10
FC,7500,3550,96.6233896,3702
SPcc_SPc,7500,3550,1.0046239,12
SP,7500,3550,0.9210431,9
SW,7500,3550,15.5633291,16
FC,7500,3650,96.9400644,3706
SPcc_SPc,7500,3650,1.0205901,14
SP,7500,3650,0.8689046,9
SW,7500,3650,15.5834053,15
FC,7500,3750,96.7217484,3690
SPcc_SPc,7500,3750,1.0518467,15
SP,7500,3750,0.8748166,9
SW,7500,3750,15.6526083,14
FC,7500,3850,96.9866614,3694
SPcc_SPc,7500,3850,0.8998909,12
SP,7500,3850,0.8785079,9
SW,7500,3850,15.6173848,13
FC,7500,3950,97.0567571,3694
SPcc_SPc,7500,3950,0.8954017,12
SP,7500,3950,0.8894224,9
SW,7500,3950,15.6482807,13
FC,7500,4050,96.558748,3694
SPcc_SPc,7500,4050,1.0611644,14
SP,7500,4050,0.9044932,9
SW,7500,4050,15.4835973,13
FC,7500,4150,96.7855302,3692
SPcc_SPc,7500,4150,0.853705,11
SP,7500,4150,0.9284729,9
SW,7500,4150,15.7404326,13
FC,7500,4250,96.3896021,3690
SPcc_SPc,7500,4250,0.9860489,12
SP,7500,4250,0.8491521,9
SW,7500,4250,15.5195253,13
FC,7500,4350,96.33618,3694
SPcc_SPc,7500,4350,1.0913838,15
SP,7500,4350,0.8510228,9
SW,7500,4350,15.7586063,10
FC,7500,4450,96.7877273,3692
SPcc_SPc,7500,4450,0.998349,12
SP,7500,4450,0.9233158,9
SW,7500,4450,15.5913432,12
FC,7500,4550,95.9614525,3688
SPcc_SPc,7500,4550,1.0223363,14
SP,7500,4550,0.7539193,7
SW,7500,4550,15.6809279,12
FC,7500,4650,96.7965349,3694
SPcc_SPc,7500,4650,0.865455,11
SP,7500,4650,0.8683687,9
SW,7500,4650,15.5808506,11
FC,7500,4750,95.6937558,3686
SPcc_SPc,7500,4750,0.9629223,13
SP,7500,4750,0.880504,9
SW,7500,4750,15.4828887,12
FC,7500,4850,95.6425293,3684
SPcc_SPc,7500,4850,0.8217068,11
SP,7500,4850,0.9034185,9
SW,7500,4850,15.6737339,14
FC,7500,4950,96.8709241,3692
SPcc_SPc,7500,4950,1.0721956,15
SP,7500,4950,0.8527625,9
SW,7500,4950,15.4414276,11
FC,8000,50,90.6612889,2853
SPcc_SPc,8000,50,1.1541402,10
SP,8000,50,1.1853844,9
SW,8000,50,34.0105265,8
FC,8000,150,103.8020247,2857
SPcc_SPc,8000,150,1.3884624,11
SP,8000,150,1.3334952,9
SW,8000,150,35.8197443,13
FC,8000,250,90.7280355,2857
SPcc_SPc,8000,250,1.4728719,11
SP,8000,250,1.5487413,9
SW,8000,250,38.5295119,12
FC,8000,350,92.8937023,2857
SPcc_SPc,8000,350,1.2755679,11
SP,8000,350,1.2276144,9
SW,8000,350,34.9292393,15
FC,8000,450,93.0914847,2857
SPcc_SPc,8000,450,1.2777245,11
SP,8000,450,1.2112108,9
SW,8000,450,36.2027269,12
FC,8000,550,92.7683124,2859
SPcc_SPc,8000,550,1.3358326,12
SP,8000,550,1.1488322,9
SW,8000,550,37.5332605,11
FC,8000,650,94.0947875,2865
SPcc_SPc,8000,650,1.5451111,11
SP,8000,650,1.5908679,9
SW,8000,650,36.5376268,11
FC,8000,750,92.4573461,2867
SPcc_SPc,8000,750,1.2321946,11
SP,8000,750,1.1397205,9
SW,8000,750,36.3280586,12
FC,8000,850,101.82732,2865
SPcc_SPc,8000,850,1.7297636,14
SP,8000,850,1.3878526,9
SW,8000,850,36.8403078,18
FC,8000,950,93.4039604,2865
SPcc_SPc,8000,950,1.260326,11
SP,8000,950,1.1378845,9
SW,8000,950,33.8982525,14
FC,8000,1050,98.4231853,2861
SPcc_SPc,8000,1050,1.3768315,13
SP,8000,1050,1.3172522,9
SW,8000,1050,35.114456,16
FC,8000,1150,94.4793686,2861
SPcc_SPc,8000,1150,1.6905171,12
SP,8000,1150,1.4678019,9
SW,8000,1150,37.268748,11
FC,8000,1250,93.9454197,2871
SPcc_SPc,8000,1250,1.3405636,11
SP,8000,1250,1.217557,9
SW,8000,1250,34.6855703,13
FC,8000,1350,94.9057504,2875
SPcc_SPc,8000,1350,1.5340007,12
SP,8000,1350,1.3966119,9
SW,8000,1350,34.2968725,13
FC,8000,1450,99.2994784,2877
SPcc_SPc,8000,1450,1.4045559,12
SP,8000,1450,1.2930712,9
SW,8000,1450,35.8453507,13
FC,8000,1550,92.9865097,2861
SPcc_SPc,8000,1550,1.3255808,12
SP,8000,1550,1.1611546,9
SW,8000,1550,34.953418,12
FC,8000,1650,93.1830464,2865
SPcc_SPc,8000,1650,1.389918,13
SP,8000,1650,1.2188402,9
SW,8000,1650,35.7351173,14
FC,8000,1750,93.9838275,2873
SPcc_SPc,8000,1750,1.3347187,12
SP,8000,1750,1.3659742,9
SW,8000,1750,37.0319782,13
FC,8000,1850,92.598081,2871
SPcc_SPc,8000,1850,1.3122988,12
SP,8000,1850,1.0936277,9
SW,8000,1850,36.6570331,13
FC,8000,1950,97.6334137,2867
SPcc_SPc,8000,1950,1.6424054,13
SP,8000,1950,1.3209959,9
SW,8000,1950,36.8215886,12
FC,8000,2050,94.0197861,2871
SPcc_SPc,8000,2050,1.317967,13
SP,8000,2050,1.112119,9
SW,8000,2050,33.7441869,12
FC,8000,2150,97.8343707,2879
SPcc_SPc,8000,2150,1.5118615,17
SP,8000,2150,1.2425999,9
SW,8000,2150,35.0344684,13
FC,8000,2250,96.1068972,2875
SPcc_SPc,8000,2250,1.4904189,16
SP,8000,2250,1.3025264,9
SW,8000,2250,35.2079825,15
FC,8000,2350,94.5605803,2875
SPcc_SPc,8000,2350,1.2372223,12
SP,8000,2350,1.1131276,9
SW,8000,2350,34.6726403,14
FC,8000,2450,96.2586486,2875
SPcc_SPc,8000,2450,1.3834374,12
SP,8000,2450,1.2129887,9
SW,8000,2450,35.7086583,15
FC,8000,2550,92.4948207,2873
SPcc_SPc,8000,2550,1.4182692,14
SP,8000,2550,1.2118903,9
SW,8000,2550,35.2187048,15
FC,8000,2650,101.671621,2883
SPcc_SPc,8000,2650,1.3424951,12
SP,8000,2650,1.3027688,9
SW,8000,2650,36.2555699,12
FC,8000,2750,94.0837143,2873
SPcc_SPc,8000,2750,1.3673311,13
SP,8000,2750,1.1271465,9
SW,8000,2750,33.6448829,16
FC,8000,2850,95.0320255,2871
SPcc_SPc,8000,2850,1.5701392,12
SP,8000,2850,1.5407043,9
SW,8000,2850,36.4543196,15
FC,8000,2950,99.8434352,2883
SPcc_SPc,8000,2950,1.3994386,12
SP,8000,2950,1.2910486,9
SW,8000,2950,36.0065501,12
FC,8000,3050,91.946571,2867
SPcc_SPc,8000,3050,1.2582956,12
SP,8000,3050,1.124692,9
SW,8000,3050,33.9862042,14
FC,8000,3150,97.545727,2875
SPcc_SPc,8000,3150,1.2416813,13
SP,8000,3150,1.1885467,9
SW,8000,3150,34.4719957,15
FC,8000,3250,95.9180743,2879
SPcc_SPc,8000,3250,1.268581,13
SP,8000,3250,1.0301915,9
SW,8000,3250,34.2917876,14
FC,8000,3350,95.3966624,2869
SPcc_SPc,8000,3350,1.2841223,12
SP,8000,3350,1.1433425,9
SW,8000,3350,34.2586486,13
FC,8000,3450,95.2070837,2871
SPcc_SPc,8000,3450,1.428701,16
SP,8000,3450,1.1256786,9
SW,8000,3450,34.7785538,13
FC,8000,3550,95.499925,2881
SPcc_SPc,8000,3550,1.7734869,18
SP,8000,3550,1.3628941,9
SW,8000,3550,37.6703804,12
FC,8000,3650,93.4670437,2881
SPcc_SPc,8000,3650,1.49897,12
SP,8000,3650,1.3252667,9
SW,8000,3650,35.6662054,24
FC,8000,3750,99.5286774,2877
SPcc_SPc,8000,3750,1.5418991,13
SP,8000,3750,1.339036,9
SW,8000,3750,36.7602529,14
FC,8000,3850,94.9491537,2887
SPcc_SPc,8000,3850,1.3327625,14
SP,8000,3850,1.0493461,9
SW,8000,3850,33.3794545,13
FC,8000,3950,94.4159098,2879
SPcc_SPc,8000,3950,1.2432506,12
SP,8000,3950,1.1014824,9
SW,8000,3950,39.076228,15
FC,8000,4050,100.157904,2883
SPcc_SPc,8000,4050,1.2665843,12
SP,8000,4050,1.1267861,9
SW,8000,4050,34.2393433,13
FC,8000,4150,91.5967981,2869
SPcc_SPc,8000,4150,1.2455401,13
SP,8000,4150,1.1021717,9
SW,8000,4150,38.4968877,11
FC,8000,4250,98.0124918,2887
SPcc_SPc,8000,4250,1.5737437,17
SP,8000,4250,1.1176849,9
SW,8000,4250,36.4631372,10
FC,8000,4350,93.4261248,2873
SPcc_SPc,8000,4350,1.4719426,17
SP,8000,4350,1.0751248,9
SW,8000,4350,33.8006284,18
FC,8000,4450,98.7773171,2879
SPcc_SPc,8000,4450,1.4479833,16
SP,8000,4450,1.1318177,9
SW,8000,4450,34.6098945,12
FC,8000,4550,94.8632357,2881
SPcc_SPc,8000,4550,1.3628048,14
SP,8000,4550,1.0609781,9
SW,8000,4550,34.6163597,14
FC,8000,4650,98.9349854,2879
SPcc_SPc,8000,4650,1.3921983,14
SP,8000,4650,1.2069834,9
SW,8000,4650,35.5071851,11
FC,8000,4750,92.3437359,2879
SPcc_SPc,8000,4750,1.2352684,12
SP,8000,4750,1.1255045,9
SW,8000,4750,33.7723743,12
FC,8000,4850,94.1431053,2875
SPcc_SPc,8000,4850,1.707805,14
SP,8000,4850,1.2539845,9
SW,8000,4850,36.3984605,16
FC,8000,4950,95.2310849,2883
SPcc_SPc,8000,4950,1.3226305,12
SP,8000,4950,1.0396552,9
SW,8000,4950,36.7032245,16
FC,8500,50,84.1193948,2516
SPcc_SPc,8500,50,1.3325889,10
SP,8500,50,1.3378097,9
SW,8500,50,49.1011425,10
FC,8500,150,85.7862005,2520
SPcc_SPc,8500,150,1.8662804,11
SP,8500,150,1.5912303,9
SW,8500,150,48.9181962,10
FC,8500,250,88.7028026,2520
SPcc_SPc,8500,250,1.5992413,11
SP,8500,250,1.5496792,9
SW,8500,250,50.8121899,16
FC,8500,350,83.2416601,2528
SPcc_SPc,8500,350,1.4083861,12
SP,8500,350,1.2570423,9
SW,8500,350,50.6205571,12
FC,8500,450,88.1239732,2520
SPcc_SPc,8500,450,1.695747,11
SP,8500,450,1.5616691,9
SW,8500,450,51.3973691,13
FC,8500,550,83.4164027,2522
SPcc_SPc,8500,550,1.3713029,11
SP,8500,550,1.3103601,9
SW,8500,550,52.6084487,11
FC,8500,650,85.5367267,2524
SPcc_SPc,8500,650,1.4788953,11
SP,8500,650,1.3248716,9
SW,8500,650,48.3141123,11
FC,8500,750,86.0158396,2522
SPcc_SPc,8500,750,1.3849388,11
SP,8500,750,1.3195499,9
SW,8500,750,48.7894264,13
FC,8500,850,84.5293636,2520
SPcc_SPc,8500,850,1.4921117,12
SP,8500,850,1.2390156,9
SW,8500,850,50.662957,16
FC,8500,950,83.798046,2526
SPcc_SPc,8500,950,2.0306502,11
SP,8500,950,1.9884132,9
SW,8500,950,52.7489607,11
FC,8500,1050,83.3664081,2524
SPcc_SPc,8500,1050,1.4839002,12
SP,8500,1050,1.2312371,9
SW,8500,1050,49.8564156,13
FC,8500,1150,86.4335364,2538
SPcc_SPc,8500,1150,1.513333,11
SP,8500,1150,1.3710694,9
SW,8500,1150,50.8475857,15
FC,8500,1250,86.26483,2536
SPcc_SPc,8500,1250,1.6666125,13
SP,8500,1250,1.4600268,9
SW,8500,1250,50.0833955,14
FC,8500,1350,84.7575018,2532
SPcc_SPc,8500,1350,1.5109201,14
SP,8500,1350,1.2241876,9
SW,8500,1350,50.541634,22
FC,8500,1450,84.4479836,2536
SPcc_SPc,8500,1450,1.5216276,12
SP,8500,1450,1.3743695,9
SW,8500,1450,52.5191686,13
FC,8500,1550,84.6159916,2538
SPcc_SPc,8500,1550,1.5273979,14
SP,8500,1550,1.2149429,9
SW,8500,1550,51.4578719,14
FC,8500,1650,86.3190324,2534
SPcc_SPc,8500,1650,1.4102058,12
SP,8500,1650,1.2627017,9
SW,8500,1650,49.2020667,13
FC,8500,1750,87.4372023,2542
SPcc_SPc,8500,1750,1.4783902,14
SP,8500,1750,1.1962389,9
SW,8500,1750,48.9089696,16
FC,8500,1850,89.381622,2540
SPcc_SPc,8500,1850,1.7944669,15
SP,8500,1850,1.3456821,9
SW,8500,1850,49.06854,11
FC,8500,1950,90.6291804,2534
SPcc_SPc,8500,1950,1.6430818,13
SP,8500,1950,1.3620833,9
SW,8500,1950,51.2296572,11
FC,8500,2050,84.3727078,2548
SPcc_SPc,8500,2050,1.3774764,12
SP,8500,2050,1.1955664,9
SW,8500,2050,49.5475662,14
FC,8500,2150,86.4924148,2538
SPcc_SPc,8500,2150,1.5633969,14
SP,8500,2150,1.2836391,9
SW,8500,2150,48.986625,11
FC,8500,2250,88.7787761,2532
SPcc_SPc,8500,2250,1.7377167,13
SP,8500,2250,1.4405185,9
SW,8500,2250,53.5029348,14
FC,8500,2350,84.3054379,2534
SPcc_SPc,8500,2350,1.3148907,12
SP,8500,2350,1.1942206,9
SW,8500,2350,47.7231875,14
FC,8500,2450,85.3712981,2534
SPcc_SPc,8500,2450,1.4384818,11
SP,8500,2450,1.3456367,9
SW,8500,2450,50.0809514,15
FC,8500,2550,85.0019406,2532
SPcc_SPc,8500,2550,1.4170298,12
SP,8500,2550,1.2333467,9
SW,8500,2550,52.3086738,14
FC,8500,2650,84.789467,2536
SPcc_SPc,8500,2650,1.3916781,12
SP,8500,2650,1.2820124,9
SW,8500,2650,50.4854799,12
FC,8500,2750,87.8585605,2554
SPcc_SPc,8500,2750,1.5226024,13
SP,8500,2750,1.3726181,9
SW,8500,2750,48.5029865,14
FC,8500,2850,85.9317641,2534
SPcc_SPc,8500,2850,1.2967435,12
SP,8500,2850,1.1614526,9
SW,8500,2850,51.730582,13
FC,8500,2950,89.8761457,2536
SPcc_SPc,8500,2950,1.7946585,12
SP,8500,2950,1.6102697,9
SW,8500,2950,53.061764,18
FC,8500,3050,84.6619919,2536
SPcc_SPc,8500,3050,1.5065546,14
SP,8500,3050,1.1487126,9
SW,8500,3050,51.4582914,13
FC,8500,3150,85.1108685,2538
SPcc_SPc,8500,3150,1.5748333,12
SP,8500,3150,1.417502,9
SW,8500,3150,51.3429874,13
FC,8500,3250,85.9664115,2540
SPcc_SPc,8500,3250,1.5284742,13
SP,8500,3250,1.322442,9
SW,8500,3250,50.2828956,14
FC,8500,3350,85.5227531,2544
SPcc_SPc,8500,3350,1.5143489,12
SP,8500,3350,1.2908931,9
SW,8500,3350,48.3886414,13
FC,8500,3450,87.3420679,2546
SPcc_SPc,8500,3450,1.5580691,15
SP,8500,3450,1.2022611,9
SW,8500,3450,49.5043792,15
FC,8500,3550,87.5185166,2534
SPcc_SPc,8500,3550,1.5596151,14
SP,8500,3550,1.2280336,9
SW,8500,3550,49.1611897,12
FC,8500,3650,86.8503773,2552
SPcc_SPc,8500,3650,1.3732473,12
SP,8500,3650,1.1209948,9
SW,8500,3650,47.9222927,14
FC,8500,3750,85.366036,2536
SPcc_SPc,8500,3750,1.4920436,15
SP,8500,3750,1.1248421,9
SW,8500,3750,58.0105179,11
FC,8500,3850,85.2444076,2542
SPcc_SPc,8500,3850,1.4648117,13
SP,8500,3850,1.2098703,9
SW,8500,3850,48.3676658,13
FC,8500,3950,89.7038135,2550
SPcc_SPc,8500,3950,1.7650118,16
SP,8500,3950,1.595974,9
SW,8500,3950,50.2415111,13
FC,8500,4050,92.3094725,2542
SPcc_SPc,8500,4050,1.7785018,14
SP,8500,4050,1.3836994,9
SW,8500,4050,48.8413037,15
FC,8500,4150,89.4253549,2546
SPcc_SPc,8500,4150,1.4914693,13
SP,8500,4150,1.3183483,9
SW,8500,4150,49.8815707,13
FC,8500,4250,84.5073111,2540
SPcc_SPc,8500,4250,1.9603909,17
SP,8500,4250,1.2958852,9
SW,8500,4250,48.6447216,15
FC,8500,4350,87.1125722,2542
SPcc_SPc,8500,4350,1.7671776,19
SP,8500,4350,1.1916331,9
SW,8500,4350,49.9044721,13
FC,8500,4450,87.87359,2550
SPcc_SPc,8500,4450,1.768309,18
SP,8500,4450,1.1138836,9
SW,8500,4450,49.8304554,12
FC,8500,4550,86.0221235,2538
SPcc_SPc,8500,4550,1.9163969,13
SP,8500,4550,1.5155378,9
SW,8500,4550,51.6784231,14
FC,8500,4650,85.0269989,2554
SPcc_SPc,8500,4650,1.5503844,15
SP,8500,4650,1.1749583,9
SW,8500,4650,49.998974,17
FC,8500,4750,85.9405367,2534
SPcc_SPc,8500,4750,2.5053416,16
SP,8500,4750,2.1262752,9
SW,8500,4750,66.2879276,18
FC,8500,4850,101.8478833,2552
SPcc_SPc,8500,4850,1.8028081,15
SP,8500,4850,1.4530332,9
SW,8500,4850,57.7355642,13
FC,8500,4950,76.460788,2546
SPcc_SPc,8500,4950,1.52868,17
SP,8500,4950,1.0502427,9
SW,8500,4950,45.5705855,11
FC,9000,50,76.7092567,2280
SPcc_SPc,9000,50,1.5802629,10
SP,9000,50,1.483811,9
SW,9000,50,65.5961959,13
FC,9000,150,78.2372295,2284
SPcc_SPc,9000,150,1.7356458,11
SP,9000,150,1.5256942,9
SW,9000,150,64.3957336,11
FC,9000,250,76.4202248,2292
SPcc_SPc,9000,250,1.6168029,11
SP,9000,250,1.4534318,9
SW,9000,250,62.7116567,11
FC,9000,350,75.2112318,2284
SPcc_SPc,9000,350,1.7537143,11
SP,9000,350,1.6796966,9
SW,9000,350,63.0169694,15
FC,9000,450,75.6042461,2284
SPcc_SPc,9000,450,1.8069294,12
SP,9000,450,1.4440388,9
SW,9000,450,63.1244252,11
FC,9000,550,74.8788026,2288
SPcc_SPc,9000,550,1.7509211,12
SP,9000,550,1.4678156,9
SW,9000,550,63.4689626,13
FC,9000,650,75.8729073,2292
SPcc_SPc,9000,650,1.632815,12
SP,9000,650,1.440464,9
SW,9000,650,64.2157633,13
FC,9000,750,75.8479369,2288
SPcc_SPc,9000,750,1.664807,12
SP,9000,750,1.5259117,9
SW,9000,750,65.3478219,12
FC,9000,850,77.9621635,2300
SPcc_SPc,9000,850,1.8434194,12
SP,9000,850,1.5892953,9
SW,9000,850,64.4308449,12
FC,9000,950,77.6235667,2300
SPcc_SPc,9000,950,1.664786,13
SP,9000,950,1.4524487,9
SW,9000,950,64.1340608,11
FC,9000,1050,77.1767942,2292
SPcc_SPc,9000,1050,1.7438221,12
SP,9000,1050,1.5130778,9
SW,9000,1050,64.555907,13
FC,9000,1150,78.0529818,2300
SPcc_SPc,9000,1150,1.8764017,16
SP,9000,1150,1.5245781,9
SW,9000,1150,64.4675387,11
FC,9000,1250,77.7298193,2298
SPcc_SPc,9000,1250,1.7612067,13
SP,9000,1250,1.4759111,9
SW,9000,1250,65.7782154,18
FC,9000,1350,78.1664588,2296
SPcc_SPc,9000,1350,1.8562189,12
SP,9000,1350,1.5679207,9
SW,9000,1350,64.3080875,12
FC,9000,1450,77.4934187,2296
SPcc_SPc,9000,1450,1.5809198,12
SP,9000,1450,1.483095,9
SW,9000,1450,64.9901086,13
FC,9000,1550,77.9978102,2292
SPcc_SPc,9000,1550,1.6599863,11
SP,9000,1550,1.4938647,9
SW,9000,1550,65.2234082,12
FC,9000,1650,77.6447428,2290
SPcc_SPc,9000,1650,1.9341099,12
SP,9000,1650,1.6951518,9
SW,9000,1650,65.2740156,11
FC,9000,1750,78.2122127,2298
SPcc_SPc,9000,1750,1.6878689,12
SP,9000,1750,1.4377556,9
SW,9000,1750,65.3056141,15
FC,9000,1850,77.8803764,2298
SPcc_SPc,9000,1850,1.6262004,12
SP,9000,1850,1.5454612,9
SW,9000,1850,66.1487245,13
FC,9000,1950,79.9937186,2310
SPcc_SPc,9000,1950,1.6891312,11
SP,9000,1950,1.5441239,9
SW,9000,1950,65.1673333,12
FC,9000,2050,79.0961897,2308
SPcc_SPc,9000,2050,1.8227411,13
SP,9000,2050,1.5435212,9
SW,9000,2050,64.8302029,11
FC,9000,2150,78.621205,2308
SPcc_SPc,9000,2150,1.9822529,14
SP,9000,2150,1.5580852,9
SW,9000,2150,64.9545047,14
FC,9000,2250,78.4826769,2302
SPcc_SPc,9000,2250,1.6534021,12
SP,9000,2250,1.4509506,9
SW,9000,2250,65.0756296,13
FC,9000,2350,79.0913222,2314
SPcc_SPc,9000,2350,1.8980113,14
SP,9000,2350,1.5134585,9
SW,9000,2350,65.4735282,15
FC,9000,2450,78.9654399,2306
SPcc_SPc,9000,2450,1.7299604,15
SP,9000,2450,1.5528028,9
SW,9000,2450,65.0063198,12
FC,9000,2550,80.1046174,2314
SPcc_SPc,9000,2550,1.9127408,16
SP,9000,2550,1.4914757,9
SW,9000,2550,64.9913338,15
FC,9000,2650,78.7766627,2304
SPcc_SPc,9000,2650,1.8213805,12
SP,9000,2650,1.626724,9
SW,9000,2650,65.7170481,17
FC,9000,2750,79.2322335,2318
SPcc_SPc,9000,2750,1.7428785,12
SP,9000,2750,1.5052199,9
SW,9000,2750,66.1725672,13
FC,9000,2850,79.1148755,2310
SPcc_SPc,9000,2850,1.7475631,14
SP,9000,2850,1.4985609,9
SW,9000,2850,66.0260341,18
FC,9000,2950,79.8002467,2312
SPcc_SPc,9000,2950,1.8632689,16
SP,9000,2950,1.4002102,9
SW,9000,2950,64.6977682,14
FC,9000,3050,79.7996373,2314
SPcc_SPc,9000,3050,1.7243431,12
SP,9000,3050,1.6212155,9
SW,9000,3050,65.3973659,13
FC,9000,3150,80.3977622,2320
SPcc_SPc,9000,3150,1.8647072,15
SP,9000,3150,1.524002,9
SW,9000,3150,65.1054005,13
FC,9000,3250,79.1927507,2314
SPcc_SPc,9000,3250,1.7779722,14
SP,9000,3250,1.471016,9
SW,9000,3250,65.3834722,15
FC,9000,3350,80.606999,2328
SPcc_SPc,9000,3350,1.7669593,12
SP,9000,3350,1.5757841,9
SW,9000,3350,64.9086647,15
FC,9000,3450,79.0813029,2308
SPcc_SPc,9000,3450,1.9655299,15
SP,9000,3450,1.5882886,9
SW,9000,3450,65.7165646,12
FC,9000,3550,79.502872,2310
SPcc_SPc,9000,3550,1.9575816,14
SP,9000,3550,1.4785123,9
SW,9000,3550,65.5508898,15
FC,9000,3650,78.7909757,2308
SPcc_SPc,9000,3650,1.8874469,14
SP,9000,3650,1.4360082,9
SW,9000,3650,65.8954769,13
FC,9000,3750,79.7627988,2298
SPcc_SPc,9000,3750,1.7867823,13
SP,9000,3750,1.4290879,9
SW,9000,3750,65.4714021,18
FC,9000,3850,80.1048441,2318
SPcc_SPc,9000,3850,1.6207071,12
SP,9000,3850,1.4209899,9
SW,9000,3850,65.2440687,13
FC,9000,3950,80.2632561,2322
SPcc_SPc,9000,3950,1.9973333,15
SP,9000,3950,1.4560956,9
SW,9000,3950,65.3222886,12
FC,9000,4050,77.5872025,2306
SPcc_SPc,9000,4050,1.7682408,13
SP,9000,4050,1.4601983,9
SW,9000,4050,63.8504613,14
FC,9000,4150,78.460486,2312
SPcc_SPc,9000,4150,1.774382,12
SP,9000,4150,1.611076,9
SW,9000,4150,63.6756558,15
FC,9000,4250,78.1029699,2306
SPcc_SPc,9000,4250,1.7776424,14
SP,9000,4250,1.4220522,9
SW,9000,4250,64.6806264,15
FC,9000,4350,79.3641192,2312
SPcc_SPc,9000,4350,1.981045,15
SP,9000,4350,1.4952787,9
SW,9000,4350,64.4339301,12
FC,9000,4450,78.355918,2304
SPcc_SPc,9000,4450,1.9009629,15
SP,9000,4450,1.4017998,9
SW,9000,4450,64.5362078,13
FC,9000,4550,79.2797438,2318
SPcc_SPc,9000,4550,1.8522416,14
SP,9000,4550,1.4477251,9
SW,9000,4550,65.2936294,15
FC,9000,4650,79.168262,2314
SPcc_SPc,9000,4650,1.6077425,12
SP,9000,4650,1.4729755,9
SW,9000,4650,65.3181808,16
FC,9000,4750,79.9693013,2314
SPcc_SPc,9000,4750,1.7701256,12
SP,9000,4750,1.5954545,9
SW,9000,4750,65.2780246,14
FC,9000,4850,78.902692,2310
SPcc_SPc,9000,4850,1.8779997,14
SP,9000,4850,1.3983127,9
SW,9000,4850,65.9668818,12
FC,9000,4950,79.3815003,2308
SPcc_SPc,9000,4950,1.7711599,12
SP,9000,4950,1.4684051,9
SW,9000,4950,66.0093076,13
FC,9500,50,49.9253306,1390
SPcc_SPc,9500,50,2.2922461,11
SP,9500,50,2.2503386,9
SW,9500,50,91.7795048,11
FC,9500,150,49.95237,1390
SPcc_SPc,9500,150,2.3488796,11
SP,9500,150,2.1349791,9
SW,9500,150,91.2510588,12
FC,9500,250,49.8257062,1394
SPcc_SPc,9500,250,2.4415549,14
SP,9500,250,2.2129092,11
SW,9500,250,90.919172,11
FC,9500,350,50.6037945,1390
SPcc_SPc,9500,350,2.5673844,11
SP,9500,350,2.3446301,9
SW,9500,350,92.2258526,15
FC,9500,450,50.3831309,1390
SPcc_SPc,9500,450,2.3632358,12
SP,9500,450,2.1813743,9
SW,9500,450,91.808516,14
FC,9500,550,50.5197266,1392
SPcc_SPc,9500,550,2.5117963,11
SP,9500,550,2.3913564,11
SW,9500,550,92.2759015,13
FC,9500,650,50.942915,1406
SPcc_SPc,9500,650,2.2625929,12
SP,9500,650,2.2884116,9
SW,9500,650,92.39282,13
FC,9500,750,51.3615273,1396
SPcc_SPc,9500,750,2.4412721,13
SP,9500,750,2.2672363,9
SW,9500,750,92.2604852,15
FC,9500,850,50.3282355,1398
SPcc_SPc,9500,850,2.4044424,13
SP,9500,850,2.0473352,9
SW,9500,850,92.4239974,15
FC,9500,950,50.5793452,1392
SPcc_SPc,9500,950,2.3879343,12
SP,9500,950,2.191834,9
SW,9500,950,93.2258763,15
FC,9500,1050,51.6154832,1408
SPcc_SPc,9500,1050,2.5734108,15
SP,9500,1050,2.6160915,11
SW,9500,1050,91.9759458,18
FC,9500,1150,51.3326451,1406
SPcc_SPc,9500,1150,2.7980829,15
SP,9500,1150,2.3032365,9
SW,9500,1150,96.1356296,15
FC,9500,1250,55.7714303,1410
SPcc_SPc,9500,1250,3.0665669,15
SP,9500,1250,2.2246235,9
SW,9500,1250,92.9863206,19
FC,9500,1350,50.6522622,1404
SPcc_SPc,9500,1350,2.3240079,12
SP,9500,1350,2.2325528,9
SW,9500,1350,91.8865709,14
FC,9500,1450,51.3053664,1402
SPcc_SPc,9500,1450,2.6520144,14
SP,9500,1450,1.8912115,9
SW,9500,1450,92.7181326,16
FC,9500,1550,50.4800623,1398
SPcc_SPc,9500,1550,2.2943915,12
SP,9500,1550,2.2668821,11
SW,9500,1550,93.9002186,13
FC,9500,1650,51.9401377,1414
SPcc_SPc,9500,1650,2.432826,12
SP,9500,1650,2.0011821,9
SW,9500,1650,94.4127876,11
FC,9500,1750,51.642887,1402
SPcc_SPc,9500,1750,2.8925665,16
SP,9500,1750,2.5164197,11
SW,9500,1750,93.8833886,14
FC,9500,1850,51.1227177,1400
SPcc_SPc,9500,1850,2.3592177,12
SP,9500,1850,2.3478976,11
SW,9500,1850,95.763564,14
FC,9500,1950,50.6966289,1402
SPcc_SPc,9500,1950,2.395612,13
SP,9500,1950,2.1629767,9
SW,9500,1950,95.3138197,13
FC,9500,2050,53.4877736,1412
SPcc_SPc,9500,2050,2.4084812,12
SP,9500,2050,2.4019287,11
SW,9500,2050,92.2145537,12
FC,9500,2150,51.5446278,1404
SPcc_SPc,9500,2150,2.69097,17
SP,9500,2150,2.19599,11
SW,9500,2150,95.0164029,12
FC,9500,2250,55.4888517,1414
SPcc_SPc,9500,2250,2.898059,15
SP,9500,2250,2.285806,9
SW,9500,2250,92.3294777,17
FC,9500,2350,52.5249564,1414
SPcc_SPc,9500,2350,2.3055989,12
SP,9500,2350,2.0551127,11
SW,9500,2350,94.856545,15
FC,9500,2450,51.1447674,1402
SPcc_SPc,9500,2450,2.7967391,15
SP,9500,2450,1.999863,9
SW,9500,2450,94.8231729,15
FC,9500,2550,53.7528752,1414
SPcc_SPc,9500,2550,2.9614607,15
SP,9500,2550,2.5140221,11
SW,9500,2550,99.0558319,12
FC,9500,2650,51.9285944,1408
SPcc_SPc,9500,2650,2.3864325,14
SP,9500,2650,2.3135717,11
SW,9500,2650,92.4039602,13
FC,9500,2750,52.5117156,1414
SPcc_SPc,9500,2750,2.9014869,17
SP,9500,2750,2.1645301,9
SW,9500,2750,98.6153912,17
FC,9500,2850,54.1250946,1414
SPcc_SPc,9500,2850,2.6943199,14
SP,9500,2850,2.3475012,11
SW,9500,2850,94.621154,15
FC,9500,2950,52.6096778,1422
SPcc_SPc,9500,2950,2.7089144,16
SP,9500,2950,2.0041795,9
SW,9500,2950,95.1849315,12
FC,9500,3050,54.4932182,1419
SPcc_SPc,9500,3050,3.054947,15
SP,9500,3050,2.2209594,9
SW,9500,3050,92.0160153,14
FC,9500,3150,51.8617494,1408
SPcc_SPc,9500,3150,2.7838455,18
SP,9500,3150,1.9781784,9
SW,9500,3150,94.0057494,14
FC,9500,3250,53.8876903,1426
SPcc_SPc,9500,3250,2.9623193,19
SP,9500,3250,2.2423884,11
SW,9500,3250,97.3231303,14
FC,9500,3350,53.8303947,1420
SPcc_SPc,9500,3350,2.313326,12
SP,9500,3350,1.9796609,9
SW,9500,3350,94.7865118,12
FC,9500,3450,56.0592352,1412
SPcc_SPc,9500,3450,2.595117,14
SP,9500,3450,2.1186112,9
SW,9500,3450,93.4957649,15
FC,9500,3550,53.4727681,1428
SPcc_SPc,9500,3550,2.6273138,15
SP,9500,3550,1.9642405,9
SW,9500,3550,95.0262643,12
FC,9500,3650,52.6409323,1416
SPcc_SPc,9500,3650,2.7597112,15
SP,9500,3650,2.0743066,9
SW,9500,3650,94.194446,11
FC,9500,3750,54.9080893,1408
SPcc_SPc,9500,3750,2.935113,14
SP,9500,3750,2.1809084,9
SW,9500,3750,93.7199201,12
FC,9500,3850,51.6638095,1410
SPcc_SPc,9500,3850,2.4802273,14
SP,9500,3850,2.052986,11
SW,9500,3850,98.9385698,15
FC,9500,3950,55.2644759,1422
SPcc_SPc,9500,3950,2.6078302,14
SP,9500,3950,2.0299114,9
SW,9500,3950,93.0992972,14
FC,9500,4050,50.3061375,1400
SPcc_SPc,9500,4050,2.5289865,14
SP,9500,4050,2.1431828,11
SW,9500,4050,94.8156362,13
FC,9500,4150,57.082855,1436
SPcc_SPc,9500,4150,3.0533539,17
SP,9500,4150,2.2232456,9
SW,9500,4150,93.0659183,15
FC,9500,4250,51.9905068,1412
SPcc_SPc,9500,4250,2.7234861,17
SP,9500,4250,2.0426731,11
SW,9500,4250,96.4479831,15
FC,9500,4350,54.6627207,1406
SPcc_SPc,9500,4350,3.1521753,17
SP,9500,4350,2.1086501,9
SW,9500,4350,96.7583524,15
FC,9500,4450,51.9860382,1420
SPcc_SPc,9500,4450,2.6667659,16
SP,9500,4450,2.2301528,11
SW,9500,4450,96.3404612,15
FC,9500,4550,55.896692,1422
SPcc_SPc,9500,4550,2.6085177,14
SP,9500,4550,2.0155548,9
SW,9500,4550,98.1048271,14
FC,9500,4650,51.9044002,1418
SPcc_SPc,9500,4650,2.4651569,15
SP,9500,4650,1.7795666,9
SW,9500,4650,96.7629648,14
FC,9500,4750,53.8764804,1414
SPcc_SPc,9500,4750,2.469418,14
SP,9500,4750,2.3536335,11
SW,9500,4750,98.1671877,16
FC,9500,4850,52.090324,1418
SPcc_SPc,9500,4850,2.4237558,14
SP,9500,4850,1.819141,9
SW,9500,4850,95.828172,14
FC,9500,4950,54.7845327,1422
SPcc_SPc,9500,4950,2.9971287,16
SP,9500,4950,2.1403386,9
SW,9500,4950,92.5206182,19
FC,10000,50,47.1855658,987
SPcc_SPc,10000,50,2.8316197,13
SP,10000,50,2.7073133,11
SW,10000,50,123.7404384,12
FC,10000,150,49.6275916,990
SPcc_SPc,10000,150,3.1293515,11
SP,10000,150,2.9250874,9
SW,10000,150,115.7299587,11
FC,10000,250,47.0275621,990
SPcc_SPc,10000,250,2.6693958,11
SP,10000,250,2.4615205,9
SW,10000,250,116.8641428,15
FC,10000,350,50.7487021,987
SPcc_SPc,10000,350,3.1151951,13
SP,10000,350,2.7051226,9
SW,10000,350,112.4492908,16
FC,10000,450,48.1842382,996
SPcc_SPc,10000,450,2.8257477,12
SP,10000,450,2.566149,11
SW,10000,450,119.497664,12
FC,10000,550,48.0686544,1004
SPcc_SPc,10000,550,3.1424488,16
SP,10000,550,2.2513764,9
SW,10000,550,115.4363313,13
FC,10000,650,47.9576813,998
SPcc_SPc,10000,650,2.7688274,12
SP,10000,650,2.2800005,9
SW,10000,650,115.4758893,13
FC,10000,750,48.2903555,990
SPcc_SPc,10000,750,2.585427,11
SP,10000,750,2.4142899,9
SW,10000,750,113.2247119,11
FC,10000,850,47.6830751,997
SPcc_SPc,10000,850,2.8321965,11
SP,10000,850,2.4688027,11
SW,10000,850,114.8621422,17
FC,10000,950,48.5718295,991
SPcc_SPc,10000,950,2.8134102,11
SP,10000,950,2.5625268,9
SW,10000,950,113.583025,11
FC,10000,1050,49.1037584,1008
SPcc_SPc,10000,1050,2.9155444,12
SP,10000,1050,2.5883907,9
SW,10000,1050,118.0346995,15
FC,10000,1150,49.3544625,997
SPcc_SPc,10000,1150,2.7662809,12
SP,10000,1150,2.7394887,11
SW,10000,1150,117.9606881,12
FC,10000,1250,48.1596954,1000
SPcc_SPc,10000,1250,2.611463,12
SP,10000,1250,2.3446107,9
SW,10000,1250,115.0628546,13
FC,10000,1350,51.3183427,1000
SPcc_SPc,10000,1350,3.1259545,13
SP,10000,1350,2.7630543,11
SW,10000,1350,112.0587963,12
FC,10000,1450,47.3772973,997
SPcc_SPc,10000,1450,2.6715627,12
SP,10000,1450,2.4030324,9
SW,10000,1450,115.1941957,14
FC,10000,1550,49.8448077,1004
SPcc_SPc,10000,1550,3.3938045,17
SP,10000,1550,2.6565632,11
SW,10000,1550,111.8029559,17
FC,10000,1650,48.3058869,1008
SPcc_SPc,10000,1650,2.7661661,13
SP,10000,1650,2.3131215,9
SW,10000,1650,117.6587652,14
FC,10000,1750,48.9771448,1001
SPcc_SPc,10000,1750,3.1032532,12
SP,10000,1750,2.8162507,9
SW,10000,1750,111.3032083,15
FC,10000,1850,47.7689312,997
SPcc_SPc,10000,1850,2.4894912,11
SP,10000,1850,2.5995323,9
SW,10000,1850,121.4378471,17
FC,10000,1950,49.3405387,1016
SPcc_SPc,10000,1950,3.8217576,23
SP,10000,1950,2.2655813,9
SW,10000,1950,117.5052137,13
FC,10000,2050,49.8753021,1002
SPcc_SPc,10000,2050,2.9449148,12
SP,10000,2050,2.5144627,9
SW,10000,2050,112.0307367,14
FC,10000,2150,49.6736662,1017
FC,10000,50,45.5500199,1128
SPcc_SPc,10000,50,2.4643462,11
SP,10000,50,2.0737683,9
SW,10000,50,107.47584,11
FC,10000,50,31.6732422,880
SPcc_SPc,10000,50,2.2106755,11
SP,10000,50,2.1764956,9
SW,10000,50,106.3294637,16
FC,10000,150,33.3146237,880
SPcc_SPc,10000,150,2.1973341,11
SP,10000,150,2.0361994,9
SW,10000,150,105.7860821,14
FC,10000,250,33.9870216,880
SPcc_SPc,10000,250,2.5467686,12
SP,10000,250,2.1636509,9
SW,10000,250,107.7981506,11
FC,10000,350,34.5550066,884
SPcc_SPc,10000,350,2.4621719,11
SP,10000,350,2.129647,9
SW,10000,350,112.4137128,12
FC,10000,450,34.3408003,880
SPcc_SPc,10000,450,2.74262,11
SP,10000,450,2.5517177,9
SW,10000,450,106.9689446,10
FC,10000,550,34.8301118,886
SPcc_SPc,10000,550,2.3898827,11
SP,10000,550,2.4200911,9
SW,10000,550,112.8198993,14
FC,10000,650,35.0661807,892
SPcc_SPc,10000,650,2.3073242,11
SP,10000,650,2.3057008,9
SW,10000,650,107.4457568,22
FC,10000,750,34.3164429,880
SPcc_SPc,10000,750,2.2428467,11
SP,10000,750,2.099695,9
SW,10000,750,112.6240066,16
FC,10000,850,34.8821724,886
SPcc_SPc,10000,850,2.5116687,11
SP,10000,850,2.1780486,9
SW,10000,850,107.9988238,12
FC,10000,950,35.3536805,892
SPcc_SPc,10000,950,2.4539016,12
SP,10000,950,2.10958,9
SW,10000,950,106.5610257,13
FC,10000,1050,35.990915,896
SPcc_SPc,10000,1050,2.6538412,14
SP,10000,1050,2.1101105,9
SW,10000,1050,108.5303365,18
FC,10000,1150,35.1871012,892
SPcc_SPc,10000,1150,2.2808584,11
SP,10000,1150,2.2446705,9
SW,10000,1150,107.5787037,16
FC,10000,1250,34.9008196,888
SPcc_SPc,10000,1250,2.6778549,15
SP,10000,1250,2.0288647,9
SW,10000,1250,107.3251661,14
FC,10000,1350,35.9273979,898
SPcc_SPc,10000,1350,2.6871377,15
SP,10000,1350,2.2158997,9
SW,10000,1350,106.9556712,13
FC,10000,1450,35.818882,892
SPcc_SPc,10000,1450,2.7036972,13
SP,10000,1450,2.0086421,9
SW,10000,1450,107.926718,14
FC,10000,1550,36.3421689,902
SPcc_SPc,10000,1550,2.5019767,12
SP,10000,1550,1.9380121,9
SW,10000,1550,113.2693452,13
FC,10000,1650,36.1026691,896
SPcc_SPc,10000,1650,2.512679,14
SP,10000,1650,2.0668936,9
SW,10000,1650,106.7002366,14
FC,10000,1750,35.2779902,890
SPcc_SPc,10000,1750,2.3843204,12
SP,10000,1750,2.2441229,9
SW,10000,1750,109.9318549,19
FC,10000,1850,35.9391277,898
SPcc_SPc,10000,1850,2.5567737,14
SP,10000,1850,2.240956,9
SW,10000,1850,107.389073,15
FC,10000,1950,35.2666756,888
SPcc_SPc,10000,1950,2.5075464,12
SP,10000,1950,2.1862561,9
SW,10000,1950,107.2345557,13
FC,10000,2050,35.8915259,898
SPcc_SPc,10000,2050,2.6394534,15
SP,10000,2050,1.9204812,9
SW,10000,2050,107.5176198,14
FC,10000,2150,36.9581822,904
SPcc_SPc,10000,2150,2.7335746,14
SP,10000,2150,2.2782218,9
SW,10000,2150,107.0254342,13
FC,10000,2250,36.8505686,910
SPcc_SPc,10000,2250,2.4422893,12
SP,10000,2250,2.0704519,9
SW,10000,2250,107.1772116,17
FC,10000,2350,36.7031579,906
SPcc_SPc,10000,2350,2.4897407,13
SP,10000,2350,2.0324622,9
SW,10000,2350,107.461913,25
FC,10000,2450,36.5486413,904
SPcc_SPc,10000,2450,3.1481695,20
SP,10000,2450,2.2507273,9
SW,10000,2450,107.1855968,22
FC,10000,2550,36.0756349,902
SPcc_SPc,10000,2550,2.7979281,17
SP,10000,2550,2.0348364,9
SW,10000,2550,106.8279913,21
FC,10000,2650,36.2947434,906
SPcc_SPc,10000,2650,2.6101613,15
SP,10000,2650,1.768522,9
SW,10000,2650,107.0992565,13
FC,10000,2750,36.0644215,896
SPcc_SPc,10000,2750,2.532423,13
SP,10000,2750,2.123307,9
SW,10000,2750,106.4290479,12
FC,10000,2850,37.7897546,918
SPcc_SPc,10000,2850,2.8525473,16
SP,10000,2850,1.9547534,9
SW,10000,2850,106.9426052,16
FC,10000,2950,36.9251459,906
SPcc_SPc,10000,2950,2.5792905,14
SP,10000,2950,2.1511685,9
SW,10000,2950,106.6069902,13
FC,10000,3050,35.9899986,898
SPcc_SPc,10000,3050,2.7306635,14
SP,10000,3050,2.0193452,9
SW,10000,3050,107.3082373,13
FC,10000,3150,37.0094364,912
SPcc_SPc,10000,3150,2.4853534,14
SP,10000,3150,2.0343601,9
SW,10000,3150,107.2558564,14
FC,10000,3250,36.0136553,902
SPcc_SPc,10000,3250,3.0517538,17
SP,10000,3250,1.9734451,9
SW,10000,3250,105.1927118,15
FC,10000,3350,37.420885,914
SPcc_SPc,10000,3350,2.5231277,13
SP,10000,3350,1.9202026,9
SW,10000,3350,107.7118866,12
FC,10000,3450,37.5337429,916
SPcc_SPc,10000,3450,2.6528498,14
SP,10000,3450,1.9604787,9
SW,10000,3450,108.3117215,18
FC,10000,3550,36.7971594,902
SPcc_SPc,10000,3550,2.5454653,13
SP,10000,3550,2.0662425,9
SW,10000,3550,108.5057826,14
FC,10000,3650,36.4302412,910
SPcc_SPc,10000,3650,2.6850619,14
SP,10000,3650,2.0189091,9
SW,10000,3650,107.359108,18
FC,10000,3750,36.4473045,906
SPcc_SPc,10000,3750,2.5653597,14
SP,10000,3750,1.8704792,9
SW,10000,3750,106.8021543,12
FC,10000,3850,37.7104614,930
SPcc_SPc,10000,3850,2.4573975,13
SP,10000,3850,1.9674801,9
SW,10000,3850,105.799609,17
FC,10000,3950,40.0740748,942
SPcc_SPc,10000,3950,2.736397,15
SP,10000,3950,1.9569167,9
SW,10000,3950,107.1471782,11
FC,10000,4050,36.0952561,902
SPcc_SPc,10000,4050,2.3898389,13
SP,10000,4050,1.9596026,9
SW,10000,4050,107.3886744,13
FC,10000,4150,37.4915057,920
SPcc_SPc,10000,4150,2.5291051,15
SP,10000,4150,1.9247368,9
SW,10000,4150,106.7732116,13
FC,10000,4250,37.1238601,914
SPcc_SPc,10000,4250,2.5856976,14
SP,10000,4250,2.0559655,9
SW,10000,4250,107.5834976,12
FC,10000,4350,37.3391863,918
SPcc_SPc,10000,4350,2.6677049,14
SP,10000,4350,1.8936238,9
SW,10000,4350,107.6443307,18
FC,10000,4450,36.0747279,904
SPcc_SPc,10000,4450,2.5425055,13
SP,10000,4450,1.993244,9
SW,10000,4450,107.6811228,12
FC,10000,4550,37.8201171,916
SPcc_SPc,10000,4550,2.7817317,17
SP,10000,4550,2.072969,9
SW,10000,4550,107.1096857,12
FC,10000,4650,37.6998778,920
SPcc_SPc,10000,4650,2.5393384,13
SP,10000,4650,2.4340628,9
SW,10000,4650,109.8112357,12
FC,10000,4750,38.7880547,920
SPcc_SPc,10000,4750,3.0527121,16
SP,10000,4750,2.1675587,9
SW,10000,4750,106.9234649,14
FC,10000,4850,37.8786438,930
SPcc_SPc,10000,4850,2.60016,14
SP,10000,4850,1.937312,9
SW,10000,4850,109.3593765,13
FC,10000,4950,38.6132318,906
SPcc_SPc,10000,4950,2.6360455,14
SP,10000,4950,1.8385539,9
SW,10000,4950,106.5082227,16
FC,10500,50,9.2849794,165
SPcc_SPc,10500,50,2.775724,10
SP,10500,50,2.4202338,9
SW,10500,50,130.7800768,10
FC,10500,150,9.9896203,171
SPcc_SPc,10500,150,3.2061152,12
SP,10500,150,2.7586216,9
SW,10500,150,129.9106457,12
FC,10500,250,10.2157844,175
SPcc_SPc,10500,250,2.7572387,11
SP,10500,250,2.5414697,9
SW,10500,250,131.1338811,18
FC,10500,350,9.9776768,169
SPcc_SPc,10500,350,3.1852652,11
SP,10500,350,2.8049461,9
SW,10500,350,129.8074212,11
FC,10500,450,10.3438948,177
SPcc_SPc,10500,450,2.8777611,11
SP,10500,450,2.5282346,9
SW,10500,450,130.7116744,20
FC,10500,550,10.0711956,171
SPcc_SPc,10500,550,3.0378228,11
SP,10500,550,2.6088106,9
SW,10500,550,129.5322227,14
FC,10500,650,11.6399361,185
SPcc_SPc,10500,650,3.0747694,11
SP,10500,650,2.9002942,9
SW,10500,650,130.2973089,17
FC,10500,750,11.6541115,189
SPcc_SPc,10500,750,3.1532499,12
SP,10500,750,2.4182739,9
SW,10500,750,130.0947306,15
FC,10500,850,10.721289,179
SPcc_SPc,10500,850,3.0056059,12
SP,10500,850,2.8169781,9
SW,10500,850,129.2050577,11
FC,10500,950,10.6773627,177
SPcc_SPc,10500,950,2.939463,12
SP,10500,950,2.6446998,9
SW,10500,950,130.7511729,19
FC,10500,1050,10.0593715,171
SPcc_SPc,10500,1050,3.0098789,11
SP,10500,1050,2.681797,9
SW,10500,1050,128.9259687,14
FC,10500,1150,12.1232232,189
SPcc_SPc,10500,1150,3.3105485,13
SP,10500,1150,2.3522055,9
SW,10500,1150,129.4792247,13
FC,10500,1250,9.7374494,169
SPcc_SPc,10500,1250,2.9491316,11
SP,10500,1250,2.6552298,9
SW,10500,1250,129.3515845,13
FC,10500,1350,11.8774722,191
SPcc_SPc,10500,1350,2.9267425,11
SP,10500,1350,2.5230888,9
SW,10500,1350,130.5987941,13
FC,10500,1450,10.1358914,173
SPcc_SPc,10500,1450,3.3552511,14
SP,10500,1450,2.4639576,9
SW,10500,1450,130.1828226,13
FC,10500,1550,11.7606236,187
SPcc_SPc,10500,1550,3.5256291,15
SP,10500,1550,2.6716951,9
SW,10500,1550,131.4274809,13
FC,10500,1650,13.150325,201
SPcc_SPc,10500,1650,3.3933052,15
SP,10500,1650,2.5631052,9
SW,10500,1650,130.6455342,14
FC,10500,1750,9.6962084,169
SPcc_SPc,10500,1750,3.0157885,12
SP,10500,1750,2.6375837,9
SW,10500,1750,129.6314055,15
FC,10500,1850,11.6589368,189
SPcc_SPc,10500,1850,3.1259213,12
SP,10500,1850,2.6363207,9
SW,10500,1850,129.2454181,13
FC,10500,1950,11.3392676,183
SPcc_SPc,10500,1950,3.0180495,12
SP,10500,1950,2.6115322,9
SW,10500,1950,129.9790848,15
FC,10500,2050,12.1146176,191
SPcc_SPc,10500,2050,2.8958601,13
SP,10500,2050,2.711905,9
SW,10500,2050,133.2952267,13
FC,10500,2150,13.2239285,199
SPcc_SPc,10500,2150,3.2741429,15
SP,10500,2150,2.424804,9
SW,10500,2150,129.0489188,13
FC,10500,2250,12.399798,195
SPcc_SPc,10500,2250,3.2089191,15
SP,10500,2250,2.60662,9
SW,10500,2250,132.0836454,21
FC,10500,2350,13.4356582,202
SPcc_SPc,10500,2350,3.6553251,16
SP,10500,2350,2.3950683,9
SW,10500,2350,130.5490044,15
FC,10500,2450,11.9857493,191
SPcc_SPc,10500,2450,2.9997262,12
SP,10500,2450,2.5416731,9
SW,10500,2450,128.9792153,14
FC,10500,2550,12.0943878,191
SPcc_SPc,10500,2550,2.9449399,12
SP,10500,2550,2.6095316,9
SW,10500,2550,131.2418775,13
FC,10500,2650,11.6521758,189
SPcc_SPc,10500,2650,2.9178415,12
SP,10500,2650,2.567222,9
SW,10500,2650,129.8601378,14
FC,10500,2750,13.1002441,201
SPcc_SPc,10500,2750,3.2305231,14
SP,10500,2750,2.2912575,9
SW,10500,2750,133.7258862,15
FC,10500,2850,11.2251639,183
SPcc_SPc,10500,2850,3.5750459,17
SP,10500,2850,2.6721774,9
SW,10500,2850,128.6463333,14
FC,10500,2950,12.9322204,196
SPcc_SPc,10500,2950,3.1867389,13
SP,10500,2950,2.5762219,9
SW,10500,2950,130.3170351,15
FC,10500,3050,13.2911781,208
SPcc_SPc,10500,3050,3.0909697,13
SP,10500,3050,2.2613933,9
SW,10500,3050,129.7720348,20
FC,10500,3150,12.741145,199
SPcc_SPc,10500,3150,3.1972873,14
SP,10500,3150,2.6499923,9
SW,10500,3150,128.0413895,16
FC,10500,3250,12.9818305,201
SPcc_SPc,10500,3250,3.1353205,13
SP,10500,3250,2.5409178,9
SW,10500,3250,128.9035178,14
FC,10500,3350,12.1679427,193
SPcc_SPc,10500,3350,3.1906026,14
SP,10500,3350,2.4899863,9
SW,10500,3350,128.6778284,12
FC,10500,3450,13.6042629,211
SPcc_SPc,10500,3450,2.9992463,13
SP,10500,3450,2.6970638,9
SW,10500,3450,129.038619,13
FC,10500,3550,13.7585182,208
SPcc_SPc,10500,3550,3.3890052,15
SP,10500,3550,2.5146977,9
SW,10500,3550,129.757617,14
FC,10500,3650,13.7256693,207
SPcc_SPc,10500,3650,3.0221237,13
SP,10500,3650,2.4815316,9
SW,10500,3650,129.3302193,15
FC,10500,3750,14.5115174,215
SPcc_SPc,10500,3750,3.2014732,14
SP,10500,3750,2.6253269,9
SW,10500,3750,132.1548104,15
FC,10500,3850,15.3907005,221
SPcc_SPc,10500,3850,3.2257215,14
SP,10500,3850,2.3037142,9
SW,10500,3850,129.9501376,20
FC,10500,3950,12.8507863,197
SPcc_SPc,10500,3950,3.0493796,14
SP,10500,3950,2.4370561,9
SW,10500,3950,133.1443636,13
FC,10500,4050,13.3688452,201
SPcc_SPc,10500,4050,3.50212,17
SP,10500,4050,2.4451786,9
SW,10500,4050,132.8681268,14
FC,10500,4150,15.0825422,215
SPcc_SPc,10500,4150,3.1983969,14
SP,10500,4150,2.3565549,9
SW,10500,4150,129.3212036,12
FC,10500,4250,15.2371643,217
SPcc_SPc,10500,4250,3.1380282,13
SP,10500,4250,2.5276041,9
SW,10500,4250,128.7960501,14
FC,10500,4350,13.5616922,211
SPcc_SPc,10500,4350,3.4573763,16
SP,10500,4350,2.669786,9
SW,10500,4350,128.0555001,15
FC,10500,4450,12.9036146,201
SPcc_SPc,10500,4450,2.9248833,12
SP,10500,4450,2.376987,9
SW,10500,4450,132.4721732,12
FC,10500,4550,13.829386,207
SPcc_SPc,10500,4550,3.3998744,17
SP,10500,4550,2.6492159,9
SW,10500,4550,128.4749663,14
FC,10500,4650,15.1489786,223
SPcc_SPc,10500,4650,2.9993294,14
SP,10500,4650,2.4311001,9
SW,10500,4650,131.8361386,16
FC,10500,4750,14.4182769,215
SPcc_SPc,10500,4750,3.3758375,15
SP,10500,4750,2.434044,9
SW,10500,4750,132.6122473,15
FC,10500,4850,12.7570436,203
SPcc_SPc,10500,4850,3.0927147,13
SP,10500,4850,2.2128274,9
SW,10500,4850,133.3234608,22
FC,10500,4950,15.0671261,221
SPcc_SPc,10500,4950,3.1201963,14
SP,10500,4950,2.1307194,9
SW,10500,4950,130.7705013,16
